헤브론스타국가코드,현지언어국가명,영문국가명,시간,대륙,GDP,인구,지역,기업식별코드,현지언어기업명,영문기업명,현지언어한줄소개내용,영문한줄소개내용,현지언어기업소개내용,영문기업소개내용,설립일자,법인등록번호,사업자등록번호,기업대표전화번호,대표팩스번호,대표이메일,기업홈페이지URL,페이스북URL,인스타그램URL,유튜브URL,링크드인URL,트위터핸들,현지언어기업주소,영문기업주소,현지언어기업상세주소,영문기업상세주소,기업우편번호,기업종업원,외감법인구분,기업연수,기업상태,현지언어담당자명,영문담당자명,현지언어직위명,영문직위명,담당자부서명,담당자전화번호,담당자팩스번호,담당자이메일,담당자이동전화번호,회계연도,유동자산금액,비유동자산금액,자산총계금액,유동부채금액,비유동부채금액,부채총계금액,자본총계금액,부채자본총계금액,매출액,매출원가금액,판매비관리비금액,영업이익손실금액,금융수익금액,금융비용금액,기타영업외수익금액,기타영업외비용금액,법인세차감전순이익,법인세비용,당기순이익,영업활동현금흐름금액,투자활동현금흐름금액,재무활동현금흐름금액,기초현금자산금액,기말현금자산금액,부채비율,영업이익율,매출액증가율,영업이익증가율,당기순이익 증가율,기업 CAGR,현지언어산업군명,영문산업군명,현지언어주요제품명내용,영문주요제품명내용,국가언어코드,현지언어언어명,영문언어명,주식시장코드,현지언어주식시장명,영문주식시장명,상장코드,상장일자,주가(일),주가(1주),주가(1개월),주가(6개월),주가(1년),주가(3년),주가(5년),주가(10년),거래량,시가총액,지점코드,지점명,주소,주소상세,우편번호,사업자등록번호,이벤트,통화구분코드,화폐단위명,담당자,소스,날짜,
COL,Colombia,Colombia,UTC-05:00,남아메리카,351281000000 USD,50372424,라틴아메리카,COI13PA00014,Etb (ETB),Etb (ETB),"Empresa de Telecomunicaciones de Bogota SA ESP (ETB) is a Colombia-based company principally engaged in the telecommunications sector. The Company’s activities include the provision of landline telephony, broadband Internet access, long distance calls, prepaid telephone cards, Internet protocol (IP) telephony, cable television and other products and services aimed at individuals, businesses and small and medium-sized enterprises (SMEs). As of December 31, 2011, the Company owned fully consolidated subsidiary Compania Colombiana de Servicios de Valor Agregado y Telematicos SA ESP (Colvatel), which is involved in the provision of a variety of outsourcing and value-added services within the communications and information technology (IT) sectors, as well as it held minor stakes in Colombia Movil SA ESP and Contact Center Americas SA, and the Capital District of Bogota was its major shareholder with 86.59% of its interest.",Etb (ETB)(English: Etb (ETB)) is a public company that is listed on Colombian Securities Exchange.,Etb (ETB)(English: Etb (ETB)) is a public company that is listed on Colombian Securities Exchange.,,,,,,57 1 242 2000,-,,etb.com,,,,,,"Carrera 8 No. 20-56 1st Floor, Colombia","Carrera 8 No. 20-56 1st Floor, Colombia",,,,2339,,,Listed,Mario Pacheco Cortes,,Independent Director,Independent Director,Executive Board,57 1 242 2000,-,,57 1 242 2000,2021,752847.34M. COP,,3870961.58M. COP,884060.57M. COP,,1720763.56M. COP,2150198.02M. COP,3870961.58M. COP,1415144.36M. COP,848395.51M. COP,130844.16M. COP,140599.48M. COP,-21110.41M. COP,,,,78061.38M. COP,-57243.71M. COP,135305.09M. COP,409206.2M. COP,-452273.95M. COP,46930.49M. COP,,,,,,,,Communication Services,Communication Services,Diversified Telecommunication Services,Diversified Telecommunication Services,ESP,Espanol,Spanish,BVC,Bolsa de Valores de Colombia,Colombian Securities Exchange,Etb (ETB),,,,,,,,,,,,,,,Colombia,"Colombia, South America",,,,COP,Colombian Peso,Chris,Investing.com,2022-07-05
COL,Colombia,Colombia,UTC-05:00,남아메리카,351281000000 USD,50372424,라틴아메리카,COB01PA00030,Banco De Bogota SA (BBO),Banco De Bogota SA (BBO),"Banco de Bogota SA is a Colombia-based financial institution engaged in the banking sector. Its businesses are structured into three segments: Personal Banking, Small and Medium-Sized Enterprises (SMEs) Banking and Corporate Banking. Its products and services include current and saving accounts, credit and debit cards, fixed-term deposits, consumer and commercial loans, among others. In addition, it is a member of Grupo Aval Acciones y Valores SA. The Company's operates through three divisions : General - Cars, which is related to loans granted to car purchase; General- Others, which consists of loans to purchase consumer goods other than cars; Credit Card division which includes acquisition of consumer goods used through a plastic card. The Bank owns such subsidiaries as Almaviva SA, Leasing Bogota SA Panama, Megalinea, Banco Bogota SA Panama, Fiduciaria Bogota SA and Bogota Finance Corporation, among others. In addition, it is a member of Grupo Aval Acciones y Valores SA.",Banco De Bogota SA (BBO)(English: Banco De Bogota SA (BBO)) is a public company that is listed on Colombian Securities Exchange.,Banco De Bogota SA (BBO)(English: Banco De Bogota SA (BBO)) is a public company that is listed on Colombian Securities Exchange.,,,,,,-,-,,www.bancodebogota.com,,,,,,"Calle 36 # 7-47, Colombia","Calle 36 # 7-47, Colombia",,,,33532,,,Listed,Carlos Arcesio Paz Bautista,,Director,Director,Executive Board,-,-,,-,2021,,,,207037828M. COP,,25297067M. COP,232334895M. COP,,8646618M. COP,3207071M. COP,,4975994M. COP,780961M. COP,,,,,,4002091M. COP,-4258335M. COP,-2380810M. COP,1815870M. COP,,,,,,,,Financial,Financial,Banks,Banks,ESP,Espanol,Spanish,BVC,Bolsa de Valores de Colombia,Colombian Securities Exchange,Banco De Bogota SA (BBO),,,,,,,,,,,,,,,Colombia,"Colombia, South America",,,,COP,Colombian Peso,Chris,Investing.com,2022-07-05
COL,Colombia,Colombia,UTC-05:00,남아메리카,351281000000 USD,50372424,라틴아메리카,COB23PA00067,Banco de Occidente SA (BOC),Banco de Occidente SA (BOC),"Banco de Occidente SA is a Colombia-based financial institution principally engaged in the banking sector. The Bank offers personal banking, corporate banking, vehicles and equipment credit, as well as leasing. Its personal banking products and services include: active portfolio account, savings and investments, payroll account, credential credit cards, lines of credit and debit card returns, among others. Banco de Occidente SA's corporate banking products and services include: case management, solutions of collection, payment and financing solutions, financial packages, treasury and investment, channels and foreign trade, among others. Grupo Aval Acciones y Valores SA is the Company’s majority shareholder.",Banco de Occidente SA (BOC)(English: Banco de Occidente SA (BOC)) is a public company that is listed on Colombian Securities Exchange.,Banco de Occidente SA (BOC)(English: Banco de Occidente SA (BOC)) is a public company that is listed on Colombian Securities Exchange.,,,,,,80 005 14652,-,,www.bancodeoccidente.com.co,,,,,,"Carrera 4 No.7-61 AA 4400, Colombia","Carrera 4 No.7-61 AA 4400, Colombia",,,,6975,,,Listed,Eduardo Herrera Botta,,Alternate Director,Alternate Director,Executive Board,80 005 14652,-,,80 005 14652,2021,,,,46508271M. COP,,5155189M. COP,51663460M. COP,,1972338M. COP,724131M. COP,,660810M. COP,74903M. COP,,,,,,580222M. COP,2487016M. COP,-1171441M. COP,-665743M. COP,,,,,,,,Financial,Financial,Banks,Banks,ESP,Espanol,Spanish,BVC,Bolsa de Valores de Colombia,Colombian Securities Exchange,Banco de Occidente SA (BOC),,,,,,,,,,,,,,,Colombia,"Colombia, South America",,,,COP,Colombian Peso,Chris,Investing.com,2022-07-05
COL,Colombia,Colombia,UTC-05:00,남아메리카,351281000000 USD,50372424,라틴아메리카,COB13PA00019,Banco Bilbao Vizcaya Argentaria Colombia SA (BGA),Banco Bilbao Vizcaya Argentaria Colombia SA (BGA),"Banco Bilbao Vizcaya Argentaria Colombia S.A. provides loans to public and private sector companies. The company offers accounts, individual loans, investment funds, SOAT insurance products, and leasing services, as well as advisory and support services. It also engages in international banking activities, privatizations, financial projects, and other banking activities. The company was incorporated in 1956 and is headquartered in Bogota, Colombia. Banco Bilbao Vizcaya Argentaria Colombia S.A. operates as a subsidiary of Banco Bilbao Vizcaya Argentaria, S.A.",Banco Bilbao Vizcaya Argentaria Colombia SA (BGA)(English: Banco Bilbao Vizcaya Argentaria Colombia SA (BGA)) is a public company that is listed on Colombian Securities Exchange.,Banco Bilbao Vizcaya Argentaria Colombia SA (BGA)(English: Banco Bilbao Vizcaya Argentaria Colombia SA (BGA)) is a public company that is listed on Colombian Securities Exchange.,,,,,,-,-,,www.bbva.com.co,,,,,,"No. 72 - 21 Carrera 9, Colombia","No. 72 - 21 Carrera 9, Colombia",,,,5354,,,Listed,Mario Pardo Bayona,,CEO & Executive Director,CEO & Executive Director,Executive Board,-,-,,-,2021,,,,73788386M. COP,,6131643M. COP,79920029M. COP,,3264710M. COP,977650M. COP,,1335958M. COP,444159M. COP,,,,,,890240M. COP,1756842M. COP,2266805M. COP,-81144M. COP,,,,,,,,Financial,Financial,Banks,Banks,ESP,Espanol,Spanish,BVC,Bolsa de Valores de Colombia,Colombian Securities Exchange,Banco Bilbao Vizcaya Argentaria Colombia SA (BGA),,,,,,,,,,,,,,,Colombia,"Colombia, South America",,,,COP,Colombian Peso,Chris,Investing.com,2022-07-05
COL,Colombia,Colombia,UTC-05:00,남아메리카,351281000000 USD,50372424,라틴아메리카,COD9HPA00012,Carvajal Empaques SA (CAR_p),Carvajal Empaques SA (CAR_p),"Carvajal Empaques S.A. engages in the design, production, and distribution of packaging solutions in Colombia and internationally. The company offers packaging solutions for dairy products and soft drinks; sweets, desserts, and bakery products; dishwashing liquids; pharmaceuticals, glues, and cosmetic products in the industrial market; and trays and cases for fruits, vegetables, and fresh meats packaging, as well as disposable containers for companies or businesses. The company was founded in 1977 and is headquartered in Cali, Colombia. Carvajal Empaques S.A. is a subsidiary of Carvajal S.A.",Carvajal Empaques SA (CAR_p)(English: Carvajal Empaques SA (CAR_p)) is a public company that is listed on Colombian Securities Exchange.,Carvajal Empaques SA (CAR_p)(English: Carvajal Empaques SA (CAR_p)) is a public company that is listed on Colombian Securities Exchange.,,,,,,57 2 661 2161,-,,www.carvajalempaques.com,,,,,,"Calle 29 Norte No. 6A-40, Colombia","Calle 29 Norte No. 6A-40, Colombia",,,,-,,,Listed,Eugenio Castro Carvajal,,Director,Director,Executive Board,57 2 661 2161,-,,57 2 661 2161,2021,859254M. COP,,1748272M. COP,546953M. COP,,1022966M. COP,725306M. COP,1748272M. COP,1893967M. COP,1225691M. COP,296199M. COP,344111M. COP,-40107M. COP,,,,313722M. COP,92928M. COP,220794M. COP,318864M. COP,-42604M. COP,-179476M. COP,,,,,,,,Materials,Materials,Containers & Packaging,Containers & Packaging,ESP,Espanol,Spanish,BVC,Bolsa de Valores de Colombia,Colombian Securities Exchange,Carvajal Empaques SA (CAR_p),,,,,,,,,,,,,,,Colombia,"Colombia, South America",,,,COP,Colombian Peso,Chris,Investing.com,2022-07-05
COL,Colombia,Colombia,UTC-05:00,남아메리카,351281000000 USD,50372424,라틴아메리카,COT60PA00038,Celsia SA (CEL),Celsia SA (CEL),"Celsia SA ESP, formerly Compania Colombiana de Inversiones SA ESP, is a Colombia-based company primarily engaged, through its subsidiaries, in the generation and distribution of electric energy. The Company has an installed capacity of over 1,700 megawatts (MW), which includes two thermal power stations: Zona Franca and Merilectrica, and the hydroelectric plant of Rio Piedras, as well as it also active in the transport and distribution of natural gas. In addition, the Company is involved in the development of such hydraulic projects as Alto Tulua, Hidromontanitas, Bajo Tulua and Cucuana. The Company owns such subsidiaries as Colener SAS, Empresa de Energia del Pacifico SA ESP, Compania de Electricidad de Tulua SA ESP and Colinversiones ZF SA ES.",Celsia SA (CEL)(English: Celsia SA (CEL)) is a public company that is listed on Colombian Securities Exchange.,Celsia SA (CEL)(English: Celsia SA (CEL)) is a public company that is listed on Colombian Securities Exchange.,,,,,,-,-,,www.celsia.com,,,,,,"Carrera 43a # 1a sur - 143 Piso 5, Colombia","Carrera 43a # 1a sur - 143 Piso 5, Colombia",,,,2200,,,Listed,Alejandro Piedrahita,,Director,Director,Executive Board,-,-,,-,2021,1334947M. COP,,12681488M. COP,1672281M. COP,,7835125M. COP,4846363M. COP,12681488M. COP,4110735M. COP,2829383M. COP,242896M. COP,914746M. COP,-125069M. COP,,,,734789M. COP,190223M. COP,544566M. COP,1333014M. COP,-1527886M. COP,16481M. COP,,,,,,,,Utilities,Utilities,Electric Utilities,Electric Utilities,ESP,Espanol,Spanish,BVC,Bolsa de Valores de Colombia,Colombian Securities Exchange,Celsia SA (CEL),,,,,,,,,,,,,,,Colombia,"Colombia, South America",,,,COP,Colombian Peso,Chris,Investing.com,2022-07-05
COL,Colombia,Colombia,UTC-05:00,남아메리카,351281000000 USD,50372424,라틴아메리카,EST01PA00013,Cemex Latam Holdings SA (CLH),Cemex Latam Holdings SA (CLH),"CEMEX Latam Holdings SA is a Spain-based holding company, which is engaged, through its subsidiaries, in the production, distribution and sale of cement, clinker, ready-mix concrete, aggregates and other related building materials. The Company has operations established in Colombia, Costa Rica, Brazil, Guatemala, Nicaragua, Panama, Spain, the Netherlands and El Salvador, through the holding of majority stakes in such subsidiaries as Corporacion Cementera Latinoamericana SL, CEMEX Bogota Investments BV, Cemento Bayano SA, Lomas del Tempisque SRL, Global Concrete SA and Cimento Vencemos do Amazonas Ltda, among others. On July 4, 2014, its subsidiary, Cemex Colombia SA, established new entity called Cemex Energy SAS ESP; Cemex Energy aims to be involved in generation, marketing and distribution of electricity and production, exploitation and marketing of all kinds of hydrocarbons.",Cemex Latam Holdings SA (CLH)(English: Cemex Latam Holdings SA (CLH)) is a public company that is listed on Colombian Securities Exchange.,Cemex Latam Holdings SA (CLH)(English: Cemex Latam Holdings SA (CLH)) is a public company that is listed on Colombian Securities Exchange.,,,,,,-,-,,www.cemexlatam.com,,,,,,"Calle HernAndez de Tejada 1, Colombia","Calle HernAndez de Tejada 1, Colombia",28027,28027,28027,4169,,,Listed,Coloma Armero Montes,,Independent Director,Independent Director,Executive Board,-,-,,-,2021,514.18M. COP,,2389.07M. COP,318.43M. COP,,1133.16M. COP,1255.91M. COP,2389.07M. COP,781.18M. COP,478.31M. COP,184.78M. COP,75.48M. COP,-41.41M. COP,,,,32.88M. COP,23.91M. COP,8.98M. COP,107.95M. COP,-36.97M. COP,-79.89M. COP,,,,,,,,Materials,Materials,Construction Materials,Construction Materials,ESP,Espanol,Spanish,BVC,Bolsa de Valores de Colombia,Colombian Securities Exchange,Cemex Latam Holdings SA (CLH),,,,,,,,,,,,,,,Colombia,"Colombia, South America",,,,COP,Colombian Peso,Chris,Investing.com,2022-07-05
COL,Colombia,Colombia,UTC-05:00,남아메리카,351281000000 USD,50372424,라틴아메리카,COD02PA00018,Coltejer SA (CTJ),Coltejer SA (CTJ),"Coltejer SA is a Colombia-based company principally engaged in the textile industry. The Company’s activities include the production, distribution and sale of natural, artificial and synthetic fibers, fabrics and textiles. Its materials are used for manufacturing apparel, such as trousers, skirts, shirts and jackets; industrial clothing, including military uniforms, office apparel and reflective vests; household textiles, offering bed linen for adults and children; footwear; cleaning wipes; mascots; personal care and hygienic accessories, as well as components in air conditioning filters, among others. The Company's subsidiaries group comprises Comercial Coltejer SAS and Fideicomiso Cartera Comercial Coltejer.",Coltejer SA (CTJ)(English: Coltejer SA (CTJ)) is a public company that is listed on Colombian Securities Exchange.,Coltejer SA (CTJ)(English: Coltejer SA (CTJ)) is a public company that is listed on Colombian Securities Exchange.,,,,,,57 4 375 7500,-,,www.coltejer.com.co,,,,,,"Cra 42 # 54A - 161, Colombia","Cra 42 # 54A - 161, Colombia",,,,1436,,,Listed,Rafael M. Kalach Mizrahi,,"Chairman of the Board, CEO & General Director","Chairman of the Board, CEO & General Director",Executive Board,57 4 375 7500,-,,57 4 375 7500,2021,179584M. COP,,1037097M. COP,96867M. COP,,545165M. COP,491932M. COP,1037097M. COP,17552M. COP,30420M. COP,8631M. COP,-76906M. COP,-16721M. COP,,,,-137897M. COP,-16956M. COP,-120941M. COP,-320M. COP,,,,,,,,,,Consumer Discretionary,Consumer Discretionary,"Textiles, Apparel & Luxury Goods","Textiles, Apparel & Luxury Goods",ESP,Espanol,Spanish,BVC,Bolsa de Valores de Colombia,Colombian Securities Exchange,Coltejer SA (CTJ),,,,,,,,,,,,,,,Colombia,"Colombia, South America",,,,COP,Colombian Peso,Chris,Investing.com,2022-07-05
COL,Colombia,Colombia,UTC-05:00,남아메리카,351281000000 USD,50372424,라틴아메리카,COJ12PA00048,Corporacion Financiera Colombiana SA (CFV),Corporacion Financiera Colombiana SA (CFV),"Corporacion Financiera Colombiana SA (Corficolombiana) is a Colombia-based company primarily engaged in the financial sector. The Company’s main activities are structured in two business units: Financial Business, which includes treasury and private banking, and Business Investment, which includes investments in financial subsidiaries and in companies in the real estate sector, as well as investment banking commissions. The Financial Business is funded primarily of deposits and it is intended that the proceeds of this business interest and fee covers the administrative costs of the corporation and the Investment Business is funded primarily with shareholder capital. The Company has the following affiliates and subsidiaries: Leasing Corficolombiana SA, Banco Corficolombiana Panama SA, Corficolombiana Trust SA, Compressed Gas Peru and Pajonales Organization SA, among others.",Corporacion Financiera Colombiana SA (CFV)(English: Corporacion Financiera Colombiana SA (CFV)) is a public company that is listed on Colombian Securities Exchange.,Corporacion Financiera Colombiana SA (CFV)(English: Corporacion Financiera Colombiana SA (CFV)) is a public company that is listed on Colombian Securities Exchange.,,,,,,57 1 286 3300,57 1 286 0163,,www.corficolombiana.com,,,,,,"Carrera 13 No. 26-45 8th Floor, Colombia","Carrera 13 No. 26-45 8th Floor, Colombia",,,,10546,,,Listed,Luis Carlos Gomez Charria,,Independent Alternate Director,Independent Alternate Director,Executive Board,57 1 286 3300,57 1 286 0163,,57 1 286 3300,2021,,,46991688M. COP,,,36674148M. COP,10317540M. COP,46991688M. COP,10227416M. COP,5550581M. COP,362783M. COP,3347594M. COP,,,,,3347594M. COP,1476571M. COP,1871023M. COP,178554M. COP,-863667M. COP,1366313M. COP,,,,,,,,Financial,Financial,Diversified Financial Services,Diversified Financial Services,ESP,Espanol,Spanish,BVC,Bolsa de Valores de Colombia,Colombian Securities Exchange,Corporacion Financiera Colombiana SA (CFV),,,,,,,,,,,,,,,Colombia,"Colombia, South America",,,,COP,Colombian Peso,Chris,Investing.com,2022-07-05
COL,Colombia,Colombia,UTC-05:00,남아메리카,351281000000 USD,50372424,라틴아메리카,COB51PA00076,Banco Davivienda Pf (DVI_p),Banco Davivienda Pf (DVI_p),"Banco Davivienda SA is a Colombia-based banking institution. The Bank’s products and services include savings and current accounts, consumer and commercial loans, credit and debit cards, mortgages, fixed-term deposits, portfolio management, foreign trade financing and a variety of insurance policies, as well as other banking operations to individuals and businesses. As of December 31, 2012, the Bank operated a network of 572 branch offices located nationwide and one in the United States. It also owned such subsidiaries as Fiduciaria Davivienda SA, Dadivalores SA, Bancafe Panama SA and Fiduciaria Cafetera SA, among others. In addition, Grupo Empresarial Bolivar was the Company’s major shareholder.",Banco Davivienda Pf (DVI_p)(English: Banco Davivienda Pf (DVI_p)) is a public company that is listed on Colombian Securities Exchange.,Banco Davivienda Pf (DVI_p)(English: Banco Davivienda Pf (DVI_p)) is a public company that is listed on Colombian Securities Exchange.,,,,,,-,-,,www.davivienda.com,,,,,,"Avenida el Dorado 68B-31 Piso 10, Colombia","Avenida el Dorado 68B-31 Piso 10, Colombia",,,,17000,,,Listed,Carlos Guillermo Arango Uribe,,Chairman,Chairman,Executive Board,-,-,,-,2021,,,,138566470M. COP,,14114030M. COP,152680500M. COP,,7481537M. COP,3301033M. COP,,1773028M. COP,511864M. COP,,,,,,1239203M. COP,1339085M. COP,102651M. COP,1648068M. COP,,,,,,,,Financial,Financial,Banks,Banks,ESP,Espanol,Spanish,BVC,Bolsa de Valores de Colombia,Colombian Securities Exchange,Banco Davivienda Pf (DVI_p),,,,,,,,,,,,,,,Colombia,"Colombia, South America",,,,COP,Colombian Peso,Chris,Investing.com,2022-07-05
COL,Colombia,Colombia,UTC-05:00,남아메리카,351281000000 USD,50372424,라틴아메리카,COC04PA00016,Ecopetrol SA (ECO),Ecopetrol SA (ECO),"Ecopetrol S.A. is an oil company. The Company operates in Colombia, Peru, Brazil and the United States Gulf Coast. The Company's segments include Exploration and Production, Transportation and Logistics, and Refining, Petrochemicals and Biofuels. The Company's Exploration and Production segment includes exploration, development and production activities in Colombia and abroad. The Company's Transportation and Logistics segment includes the transportation of crude oil, motor fuels, fuel oil and other refined products, including diesel and biofuels. The Company's main crude oil pipeline systems' operating capacity is approximately 1.34 million barrels per day (BPD). The Company's main refineries are the Barrancabermeja refinery, which it directly owns and operates, and a refinery in the Free Trade Zone in Cartagena that is operated by Reficar S.A., a subsidiary of the Company. The Company also owns and operates two other minor refineries: Orito and Apiay.",Ecopetrol SA (ECO)(English: Ecopetrol SA (ECO)) is a public company that is listed on Colombian Securities Exchange.,Ecopetrol SA (ECO)(English: Ecopetrol SA (ECO)) is a public company that is listed on Colombian Securities Exchange.,,,,,,57 310 315 8600,-,,www.ecopetrol.com.co,,,,,,"Carrera 13 No. 36 - 24, Colombia","Carrera 13 No. 36 - 24, Colombia",,,,18000,,,Listed,Esteban Piedrahita Uribe,,Independent Director,Independent Director,Executive Board,57 310 315 8600,-,,57 310 315 8600,2021,51695747M. COP,,244250094M. COP,30248731M. COP,,172517070M. COP,71733024M. COP,244250094M. COP,91744080M. COP,55581776M. COP,4975021M. COP,29560583M. COP,-1953986M. COP,,,,26288693M. COP,7562205M. COP,18726488M. COP,22536021M. COP,-20518231M. COP,6958380M. COP,,,,,,,,Energy,Energy,"Oil, Gas & Consumable Fuels","Oil, Gas & Consumable Fuels",ESP,Espanol,Spanish,BVC,Bolsa de Valores de Colombia,Colombian Securities Exchange,Ecopetrol SA (ECO),,,,,,,,,,,,,,,Colombia,"Colombia, South America",,,,COP,Colombian Peso,Chris,Investing.com,2022-07-05
COL,Colombia,Colombia,UTC-05:00,남아메리카,351281000000 USD,50372424,라틴아메리카,COD04PA00014,Fabricato SA (FHT),Fabricato SA (FHT),"Fabricato SA is a Colombia-based company active in the textile industry. The Company’s activities comprise the manufacturing and commercialization of textile, clothing and non-woven fabrics. The Company’s business is structured in nine units: Kansas, specialized in the production of indigo denim; Home, focused on the manufacturing of bed sheets, towels and kitchen linen, among others; Tistauribe, specializing in the manufacturing of fabrics for industrial use; Cotton and Mixed; Non-woven, Knitted fabrics and Wool business units. As of December 31, 2011, the Company owned such subsidiaries as Diversificacion Industrial de San Pedro SA, Textiles Prisma SA, Comercial Nueva America SAS, Textiles Cucuta SAS, Comergil SAS, Diconal SA, Raturbay Textiles SAS and Textiles del Rio SA, among others.",Fabricato SA (FHT)(English: Fabricato SA (FHT)) is a public company that is listed on Colombian Securities Exchange.,Fabricato SA (FHT)(English: Fabricato SA (FHT)) is a public company that is listed on Colombian Securities Exchange.,,,,,,57 4 448 3500,57 2 515 905,,www.fabricato.com,,,,,,"Carrera 50 N° 38 - 320, Colombia","Carrera 50 N° 38 - 320, Colombia",,,,2040,,,Listed,Roberto Arango Delgado,,Independent Director,Independent Director,Executive Board,57 4 448 3500,57 2 515 905,,57 4 448 3500,2020,155514M. COP,,774016M. COP,201236M. COP,,341574M. COP,432442M. COP,774016M. COP,272595M. COP,260842M. COP,38959M. COP,-62338M. COP,-26573M. COP,,,,-88092M. COP,-5579M. COP,-82513M. COP,9079M. COP,3801M. COP,-15822M. COP,,,,,,,,Consumer Discretionary,Consumer Discretionary,"Textiles, Apparel & Luxury Goods","Textiles, Apparel & Luxury Goods",ESP,Espanol,Spanish,BVC,Bolsa de Valores de Colombia,Colombian Securities Exchange,Fabricato SA (FHT),,,,,,,,,,,,,,,Colombia,"Colombia, South America",,,,COP,Colombian Peso,Chris,Investing.com,2022-07-05
COL,Colombia,Colombia,UTC-05:00,남아메리카,351281000000 USD,50372424,라틴아메리카,CLP3880F1085,Falabella (FALABELLCO),Falabella (FALABELLCO),"Falabella SA, formerly SACI Falabella, is a Chile-based company managing an online and offline retail platform. It operates seven business segments: Department Stores, Home Improvement, Supermarkets, Promotora CMR, Real Estate, Banking Business and Other Businesses. Department Stores sales, under the Falabella brand, a range of products, including retail sales of clothing, accessories and products for the home, electronics, beauty products and others. Home Improvement sales, under the Sodimac brand, building and home improvement products, including building materials, hardware, tools, and accessories for kitchen, bathroom, garden and decoration, among others. Supermarkets manages hypermarkets and supermarkets under the Tottus brand. Promotora CMR provides the CMR credit card. Real Estate operates constructing and leasing malls. Banking Business covers all banking activities. Other Businesses includes all the other activities. The Company operates in Latin America.",Falabella (FALABELLCO)(English: Falabella (FALABELLCO)) is a public company that is listed on Colombian Securities Exchange.,Falabella (FALABELLCO)(English: Falabella (FALABELLCO)) is a public company that is listed on Colombian Securities Exchange.,,,,,,56 2 2380 2000,56 2 2380 2077,,www.falabella.com,,,,,,"Manuel RodrIguez Norte 730, Colombia","Manuel RodrIguez Norte 730, Colombia",,,,93261,,,Listed,Maria Cecilia Karlezi Solari,,Director,Director,Executive Board,56 2 2380 2000,56 2 2380 2077,,56 2 2380 2000,,,,,,,,,,,,,,,,,,,,,,,,,,,,,,,Consumer Discretionary,Consumer Discretionary,Multiline Retail,Multiline Retail,ESP,Espanol,Spanish,BVC,Bolsa de Valores de Colombia,Colombian Securities Exchange,Falabella (FALABELLCO),,,,,,,,,,,,,,,Colombia,"Colombia, South America",,,,COP,Colombian Peso,Chris,Investing.com,2022-07-05
COL,Colombia,Colombia,UTC-05:00,남아메리카,351281000000 USD,50372424,라틴아메리카,COT09PA00043,Grupo Argos SA Pref (ARG_p),Grupo Argos SA Pref (ARG_p),"Grupo Argos SA, formerly Inversiones Argos SA, is a Colombia-based holding company primarily engaged, through its subsidiaries, in the cement industry. The Company has three business segments: Sale of Cement, Sale of Energy and Gas and Financial Activity. The Company’s activities include the production, distribution and sale of a variety of cement, ready-mix concrete and related construction materials, which are marketed under the Argos brand. The Company through its subsidiaries is involved in such sectors as cement, energy, harbors, coal and real estate development, as well as execution and management of infrastructure projects. The Company is also involved in the provision of such services as technical support, financial assessment, equipment financing and training programs for its clients, as well as in the investment in companies active in other sectors.",Grupo Argos SA Pref (ARG_p)(English: Grupo Argos SA Pref (ARG_p)) is a public company that is listed on Colombian Securities Exchange.,Grupo Argos SA Pref (ARG_p)(English: Grupo Argos SA Pref (ARG_p)) is a public company that is listed on Colombian Securities Exchange.,,,,,,57 60 4 315 8400,-,,www.grupoargos.com,,,,,,"Carrera 43a No 1aSur - 143 Santillana Center - South Tower, Colombia","Carrera 43a No 1aSur - 143 Santillana Center - South Tower, Colombia",,,,12852,,,Listed,Claudia Betancourt Azcarate,,Non Executive Director,Non Executive Director,Executive Board,57 60 4 315 8400,-,,57 60 4 315 8400,2021,7989257M. COP,,52589344M. COP,7764963M. COP,,34133104M. COP,18456240M. COP,52589344M. COP,16309119M. COP,11848313M. COP,1454503M. COP,2617454M. COP,-982376M. COP,,,,1656620M. COP,450587M. COP,1206033M. COP,4310444M. COP,-1243171M. COP,-3246111M. COP,,,,,,,,Materials,Materials,Construction Materials,Construction Materials,ESP,Espanol,Spanish,BVC,Bolsa de Valores de Colombia,Colombian Securities Exchange,Grupo Argos SA Pref (ARG_p),,,,,,,,,,,,,,,Colombia,"Colombia, South America",,,,COP,Colombian Peso,Chris,Investing.com,2022-07-05
COL,Colombia,Colombia,UTC-05:00,남아메리카,351281000000 USD,50372424,라틴아메리카,COT09PA00035,Grupo Argos SA (ARG),Grupo Argos SA (ARG),"Grupo Argos SA, formerly Inversiones Argos SA, is a Colombia-based holding company primarily engaged, through its subsidiaries, in the cement industry. The Company has three business segments: Sale of Cement, Sale of Energy and Gas and Financial Activity. The Company’s activities include the production, distribution and sale of a variety of cement, ready-mix concrete and related construction materials, which are marketed under the Argos brand. The Company through its subsidiaries is involved in such sectors as cement, energy, harbors, coal and real estate development, as well as execution and management of infrastructure projects. The Company is also involved in the provision of such services as technical support, financial assessment, equipment financing and training programs for its clients, as well as in the investment in companies active in other sectors.",Grupo Argos SA (ARG)(English: Grupo Argos SA (ARG)) is a public company that is listed on Colombian Securities Exchange.,Grupo Argos SA (ARG)(English: Grupo Argos SA (ARG)) is a public company that is listed on Colombian Securities Exchange.,,,,,,57 60 4 315 8400,-,,www.grupoargos.com,,,,,,"Carrera 43a No 1aSur - 143 Santillana Center - South Tower, Colombia","Carrera 43a No 1aSur - 143 Santillana Center - South Tower, Colombia",,,,12852,,,Listed,Claudia Betancourt Azcarate,,Non Executive Director,Non Executive Director,Executive Board,57 60 4 315 8400,-,,57 60 4 315 8400,2021,7989257M. COP,,52589344M. COP,7764963M. COP,,34133104M. COP,18456240M. COP,52589344M. COP,16309119M. COP,11848313M. COP,1454503M. COP,2617454M. COP,-982376M. COP,,,,1656620M. COP,450587M. COP,1206033M. COP,4310444M. COP,-1243171M. COP,-3246111M. COP,,,,,,,,Materials,Materials,Construction Materials,Construction Materials,ESP,Espanol,Spanish,BVC,Bolsa de Valores de Colombia,Colombian Securities Exchange,Grupo Argos SA (ARG),,,,,,,,,,,,,,,Colombia,"Colombia, South America",,,,COP,Colombian Peso,Chris,Investing.com,2022-07-05
COL,Colombia,Colombia,UTC-05:00,남아메리카,351281000000 USD,50372424,라틴아메리카,COB07PA00078,Bancolombia SA (BIC),Bancolombia SA (BIC),"Bancolombia S.A. (Bancolombia) is a financial institution engaged in providing a range of financial products and services to a diversified individual, corporate, and government customer base throughout Colombia, Latin America and the Caribbean region. The Bank operates through 10 segments: Banking Colombia, Banking Panama, Banking El Salvador, Leasing, Trust, Investment Banking, Brokerage, Off Shore and All other. It delivers its products and services through its regional network comprising Colombia's non-Government owned banking network, El Salvador's financial conglomerate by gross loans, Guatemala's bank, Panama's bank and off-shore banking subsidiaries in Panama, Cayman and Puerto Rico, as well as subsidiaries in Peru. The Bank and its subsidiaries offer Savings And Investment, Ahorro A La Mano, Financing, Mortgage Banking, Factoring, Financial and Operating Leases, Capital Markets, eTrading, Cash Management, Foreign Currency, Bancassurance, Investment Banking and Trust Services.",Bancolombia SA (BIC)(English: Bancolombia SA (BIC)) is a public company that is listed on Colombian Securities Exchange.,Bancolombia SA (BIC)(English: Bancolombia SA (BIC)) is a public company that is listed on Colombian Securities Exchange.,,,,,,57 4 404 1837,-,,www.grupobancolombia.com,,,,,,"Carrera 48 # 26-85 Avenida Los Industriales, Colombia","Carrera 48 # 26-85 Avenida Los Industriales, Colombia",,,,-,,,Listed,Andres Felipe Mejia Cardona,,Independent Director,Independent Director,Executive Board,57 4 404 1837,-,,57 4 404 1837,2021,,,,257620701M. COP,,32234347M. COP,289855048M. COP,,11750552M. COP,2420530M. COP,,5984012M. COP,1776225M. COP,,,,,,4086795M. COP,6095305M. COP,-650486M. COP,-6809972M. COP,,,,,,,,Financial,Financial,Banks,Banks,ESP,Espanol,Spanish,BVC,Bolsa de Valores de Colombia,Colombian Securities Exchange,Bancolombia SA (BIC),,,,,,,,,,,,,,,Colombia,"Colombia, South America",,,,COP,Colombian Peso,Chris,Investing.com,2022-07-05
COL,Colombia,Colombia,UTC-05:00,남아메리카,351281000000 USD,50372424,라틴아메리카,COB07PA00086,Bancolombia Pf (BIC_p1),Bancolombia Pf (BIC_p1),"Bancolombia S.A. (Bancolombia) is a financial institution engaged in providing a range of financial products and services to a diversified individual, corporate, and government customer base throughout Colombia, Latin America and the Caribbean region. The Bank operates through 10 segments: Banking Colombia, Banking Panama, Banking El Salvador, Leasing, Trust, Investment Banking, Brokerage, Off Shore and All other. It delivers its products and services through its regional network comprising Colombia's non-Government owned banking network, El Salvador's financial conglomerate by gross loans, Guatemala's bank, Panama's bank and off-shore banking subsidiaries in Panama, Cayman and Puerto Rico, as well as subsidiaries in Peru. The Bank and its subsidiaries offer Savings And Investment, Ahorro A La Mano, Financing, Mortgage Banking, Factoring, Financial and Operating Leases, Capital Markets, eTrading, Cash Management, Foreign Currency, Bancassurance, Investment Banking and Trust Services.",Bancolombia Pf (BIC_p1)(English: Bancolombia Pf (BIC_p1)) is a public company that is listed on Colombian Securities Exchange.,Bancolombia Pf (BIC_p1)(English: Bancolombia Pf (BIC_p1)) is a public company that is listed on Colombian Securities Exchange.,,,,,,57 4 404 1837,-,,www.grupobancolombia.com,,,,,,"Carrera 48 # 26-85 Avenida Los Industriales, Colombia","Carrera 48 # 26-85 Avenida Los Industriales, Colombia",,,,-,,,Listed,Andres Felipe Mejia Cardona,,Independent Director,Independent Director,Executive Board,57 4 404 1837,-,,57 4 404 1837,2021,,,,257620701M. COP,,32234347M. COP,289855048M. COP,,11750552M. COP,2420530M. COP,,5984012M. COP,1776225M. COP,,,,,,4086795M. COP,6095305M. COP,-650486M. COP,-6809972M. COP,,,,,,,,Financial,Financial,Banks,Banks,ESP,Espanol,Spanish,BVC,Bolsa de Valores de Colombia,Colombian Securities Exchange,Bancolombia Pf (BIC_p1),,,,,,,,,,,,,,,Colombia,"Colombia, South America",,,,COP,Colombian Peso,Chris,Investing.com,2022-07-05
COL,Colombia,Colombia,UTC-05:00,남아메리카,351281000000 USD,50372424,라틴아메리카,COT23PA00028,Grupo Bolivar SA (SCA),Grupo Bolivar SA (SCA),"Grupo Bolivar SA, formerly Sociedades Bolivar SA, is a Colombia-based holding company engaged, through its subsidiaries, in the financial sector. The Company's main activities comprise the investments in real estate properties, stakes in other companies, fixed income bonds and property rights, among others. It is also involved in the commercial banking sector, the development of real estate projects and the provision of a variety of insurance carriers. The Company owns such subsidiaries as Iversora Anagrama Inveranagrama SAS, Inversora Bolivar SAS, Riesgo e Inversiones Bolivar SAS, Construccion y Desarollo Bolivar SAS, CB Bolivar Inmobiliaria SA, CB Hoteles y Resorts SA, Banco Davivienda SA, Leasing Bolivar SA Compania de Financiamiento, Confinanciera SA Compania de Financiamiento, Davivalores SA and Seguridad Compania Administradora de Fondos de Inversion SA, among others. In addition, Asistencia EPIC is the Company’s majority shareholder.",Grupo Bolivar SA (SCA)(English: Grupo Bolivar SA (SCA)) is a public company that is listed on Colombian Securities Exchange.,Grupo Bolivar SA (SCA)(English: Grupo Bolivar SA (SCA)) is a public company that is listed on Colombian Securities Exchange.,,,,,,-,-,,www.grupobolivar.com.co,,,,,,"Avenida El Dorado No. 68B - 31 10th Floor, Colombia","Avenida El Dorado No. 68B - 31 10th Floor, Colombia",,,,24303,,,Listed,Jose Alejandro Cortes Osorio,,Chairman of the Board,Chairman of the Board,Executive Board,-,-,,-,2021,,,,157414719M. COP,,11794033M. COP,169208752M. COP,,7875128M. COP,3376553M. COP,,2087720M. COP,559729M. COP,,,,,,925434M. COP,1710312M. COP,-971144M. COP,1194972M. COP,,,,,,,,Financial,Financial,Banks,Banks,ESP,Espanol,Spanish,BVC,Bolsa de Valores de Colombia,Colombian Securities Exchange,Grupo Bolivar SA (SCA),,,,,,,,,,,,,,,Colombia,"Colombia, South America",,,,COP,Colombian Peso,Chris,Investing.com,2022-07-05
COL,Colombia,Colombia,UTC-05:00,남아메리카,351281000000 USD,50372424,라틴아메리카,COG31PA00010,Almacenes Exito SA (IMI),Almacenes Exito SA (IMI),"Almacenes Exito SA is a Colombia-based company engaged in the retail sector. The Company's activities are structured into three geographical divisions: Colombia, Brazil and Other countries. In Colombia, the Company operates retail and wholesale department and discount stores, as well as supermarkets under numerous brand names, such as Exito, Carulla, Surtimax, Seper Inter and Surtimayorista. In Brazil, its services comprise sale of food products, distribution of non-food goods, such as electronic appliances, as well as operation of e-commerce stores. The Other countries area includes management of supermarkets under Libertad and Mini Libertad brand names in Argentina, as well as Disco, Devoto y Geant brand names in Uruguay. In addition, the Company provides credit card issuing, travel agency services, insurance products, as well as mobile telecommunication services, among others. It is a subsidiary of Casino Guichard Perrachon SA.",Almacenes Exito SA (IMI)(English: Almacenes Exito SA (IMI)) is a public company that is listed on Colombian Securities Exchange.,Almacenes Exito SA (IMI)(English: Almacenes Exito SA (IMI)) is a public company that is listed on Colombian Securities Exchange.,,,,,,57 4 604 9696,-,,www.grupoexito.com.co,,,,,,"Carrera 48, No. 32 B Sur - 139 Avenida Las Vegas, Colombia","Carrera 48, No. 32 B Sur - 139 Avenida Las Vegas, Colombia",3479,3479,3479,48741,,,Listed,Christophe Jose Hidalgo,,Non-Independent Director,Non-Independent Director,Executive Board,57 4 604 9696,-,,57 4 604 9696,2021,5833360M. COP,,16901179M. COP,6518400M. COP,,10019774M. COP,6881405M. COP,16901179M. COP,16922385M. COP,12526548M. COP,2964313M. COP,919408M. COP,-157203M. COP,,,,730887M. COP,137670M. COP,593217M. COP,1138587M. COP,-571021M. COP,-457199M. COP,,,,,,,,Consumer Staples,Consumer Staples,Food & Staples Retailing,Food & Staples Retailing,ESP,Espanol,Spanish,BVC,Bolsa de Valores de Colombia,Colombian Securities Exchange,Almacenes Exito SA (IMI),,,,,,,,,,,,,,,Colombia,"Colombia, South America",,,,COP,Colombian Peso,Chris,Investing.com,2022-07-05
COL,Colombia,Colombia,UTC-05:00,남아메리카,351281000000 USD,50372424,라틴아메리카,COT04PA00028,Grupo Nutresa SA (NCH),Grupo Nutresa SA (NCH),"Grupo Nutresa SA, formerly Grupo Nacional de Chocolates SA, is a Colombia-based company engaged in the food processing sector. Its activities are structured in eight business segments: Cold Cuts, which specializes in the production of processed and matured meat products, ready-made meals, as well as canned foods and mushrooms; Biscuits, which includes a variety of sweet cookies and crackers; Chocolate, which comprises chocolate bars, powdered chocolate for drinks, cereal bars and peanuts snacks; TMLUC, which produces and sells instant cold drinks, pasta, coffee, snacks and soups, among others, under Tresmontes Lucchetti brand name; Coffee, which manufactures roasted and ground coffee, instant coffee, as well as coffee extracts; Retail Foods, which focuses on direct sale of food to customers; Ice Cream, which distributes water- and milk-based ice cream bowls, popsicles and cones, among others, and Pasta, which includes short, long, egg with vegetables, butter and instant pasta.",Grupo Nutresa SA (NCH)(English: Grupo Nutresa SA (NCH)) is a public company that is listed on Colombian Securities Exchange.,Grupo Nutresa SA (NCH)(English: Grupo Nutresa SA (NCH)) is a public company that is listed on Colombian Securities Exchange.,,,,,,57 6 0432 587 31,57 6 0426 818 68,,www.gruponutresa.com,,,,,,"Edificio Santillana Piso 7, Colombia","Edificio Santillana Piso 7, Colombia",,,,22702,,,Listed,Gonzalo Alberto Perez Rojas,,Non-Independent Director,Non-Independent Director,Executive Board,57 6 0432 587 31,57 6 0426 818 68,,57 6 0432 587 31,2021,4594765M. COP,,16956483M. COP,2628037M. COP,,7990543M. COP,8965940M. COP,16956483M. COP,12738271M. COP,7610884M. COP,3814380M. COP,1105297M. COP,-69011M. COP,,,,987517M. COP,263056M. COP,724461M. COP,1084468M. COP,-433573M. COP,-771526M. COP,,,,,,,,Consumer Staples,Consumer Staples,Food Products,Food Products,ESP,Espanol,Spanish,BVC,Bolsa de Valores de Colombia,Colombian Securities Exchange,Grupo Nutresa SA (NCH),,,,,,,,,,,,,,,Colombia,"Colombia, South America",,,,COP,Colombian Peso,Chris,Investing.com,2022-07-05
COL,Colombia,Colombia,UTC-05:00,남아메리카,351281000000 USD,50372424,라틴아메리카,COT13PA00060,Grupo de Inversiones Suramericana SA Preferred (SIS_p),Grupo de Inversiones Suramericana SA Preferred (SIS_p),"Grupo de Inversiones Suramericana SA is a Colombia-based company primarily engaged in the life insurance sector. The Company's activities are divided into three business segments: Fund Management, Insurance and Services. The Fund Management division is responsible for the administration of mandatory and voluntary pension funds, as well as provision of life annuities and other savings products. The Insurance segment offers life and non-life insurance policies. The Services area includes outsourcing services in the field of telecommunications and information processing, mandatory healthcare services and medical plans, as well as other complementary services. The Company's investment portfolio comprises Sura Asset Management, Suramericana, Bancolombia, Grupo Argos, Grupo Nutresa, Habitat, Sodhexo and Enka, among others. The Company operates through numerous subsidiaries in Latin America, including Colombia, Mexico, Chile, Peru, El Salvador and Panama, among others.",Grupo de Inversiones Suramericana SA Preferred (SIS_p)(English: Grupo de Inversiones Suramericana SA Preferred (SIS_p)) is a public company that is listed on Colombian Securities Exchange.,Grupo de Inversiones Suramericana SA Preferred (SIS_p)(English: Grupo de Inversiones Suramericana SA Preferred (SIS_p)) is a public company that is listed on Colombian Securities Exchange.,,,,,,57 18000 521 555,-,,www.gruposura.com,,,,,,"Carrera 43A #5A Piso 13-15, Colombia","Carrera 43A #5A Piso 13-15, Colombia",113,113,113,60173,,,Listed,Jaime Bermudez Merizalde,,Independent Chairman,Independent Chairman,Executive Board,57 18000 521 555,-,,57 18000 521 555,2021,,,,47305144M. COP,,28596540M. COP,75901684M. COP,,23453398M. COP,22283669M. COP,,,,,,,1517218M. COP,-116032M. COP,,2151202M. COP,-460407M. COP,-2620989M. COP,,,,,,,,Financial,Financial,Diversified Financial Services,Diversified Financial Services,ESP,Espanol,Spanish,BVC,Bolsa de Valores de Colombia,Colombian Securities Exchange,Grupo de Inversiones Suramericana SA Preferred (SIS_p),,,,,,,,,,,,,,,Colombia,"Colombia, South America",,,,COP,Colombian Peso,Chris,Investing.com,2022-07-05
COL,Colombia,Colombia,UTC-05:00,남아메리카,351281000000 USD,50372424,라틴아메리카,COT13PA00086,Grupo de Inversiones Suramericana SA (SIS),Grupo de Inversiones Suramericana SA (SIS),"Grupo de Inversiones Suramericana SA is a Colombia-based company primarily engaged in the life insurance sector. The Company's activities are divided into three business segments: Fund Management, Insurance and Services. The Fund Management division is responsible for the administration of mandatory and voluntary pension funds, as well as provision of life annuities and other savings products. The Insurance segment offers life and non-life insurance policies. The Services area includes outsourcing services in the field of telecommunications and information processing, mandatory healthcare services and medical plans, as well as other complementary services. The Company's investment portfolio comprises Sura Asset Management, Suramericana, Bancolombia, Grupo Argos, Grupo Nutresa, Habitat, Sodhexo and Enka, among others. The Company operates through numerous subsidiaries in Latin America, including Colombia, Mexico, Chile, Peru, El Salvador and Panama, among others.",Grupo de Inversiones Suramericana SA (SIS)(English: Grupo de Inversiones Suramericana SA (SIS)) is a public company that is listed on Colombian Securities Exchange.,Grupo de Inversiones Suramericana SA (SIS)(English: Grupo de Inversiones Suramericana SA (SIS)) is a public company that is listed on Colombian Securities Exchange.,,,,,,57 18000 521 555,-,,www.gruposura.com,,,,,,"Carrera 43A #5A Piso 13-15, Colombia","Carrera 43A #5A Piso 13-15, Colombia",113,113,113,60173,,,Listed,Jaime Bermudez Merizalde,,Independent Chairman,Independent Chairman,Executive Board,57 18000 521 555,-,,57 18000 521 555,2021,,,,47305144M. COP,,28596540M. COP,75901684M. COP,,23453398M. COP,22283669M. COP,,,,,,,1517218M. COP,-116032M. COP,,2151202M. COP,-460407M. COP,-2620989M. COP,,,,,,,,Financial,Financial,Diversified Financial Services,Diversified Financial Services,ESP,Espanol,Spanish,BVC,Bolsa de Valores de Colombia,Colombian Securities Exchange,Grupo de Inversiones Suramericana SA (SIS),,,,,,,,,,,,,,,Colombia,"Colombia, South America",,,,COP,Colombian Peso,Chris,Investing.com,2022-07-05
COL,Colombia,Colombia,UTC-05:00,남아메리카,351281000000 USD,50372424,라틴아메리카,COE15PA00026,Interconnection Electric SA ESP (ISA),Interconnection Electric SA ESP (ISA),"Interconnection Electric SA ESP (ISA) is a Colombia-based company engaged in the transmission of electric power. The Company’s business is structured into five divisions: Electric Energy Transport, operating a network of high-voltage transmission circuits in Colombia, Peru, Bolivia and Brazil; Smart Management of Real Time Systems, which manages the facilities of the National Interconnected System (SIN), Commercial Settlement System (SIC), Wholesale Energy Market (MEN) and International Electricity Transactions (TIE); Construction of Infrastructure Projects, which include the development of high-voltage and fiber-optic transmission networks; Telecommunications Transport, which is involved in the leasing of the Company’s transmission networks to other operators, and Road Concessions, which focuses on the construction, management and exploitation of highways, toll roads and other related infrastructure. On September 30, 2013, the Company established a subsidiary, Intercolombia SA ESP.",Interconnection Electric SA ESP (ISA)(English: Interconnection Electric SA ESP (ISA)) is a public company that is listed on Colombian Securities Exchange.,Interconnection Electric SA ESP (ISA)(English: Interconnection Electric SA ESP (ISA)) is a public company that is listed on Colombian Securities Exchange.,,,,,,57 4 325 2270,-,,www.isa.co,,,,,,"Calle 12 sur N° 18 -168, Colombia","Calle 12 sur N° 18 -168, Colombia",,,,4000,,,Listed,Alejandro Linares Cantillo,,Member of Auditing Committee,Member of Auditing Committee,Executive Board,57 4 325 2270,-,,57 4 325 2270,2021,10670103M. COP,,61698186M. COP,4970049M. COP,,47334329M. COP,14363857M. COP,61698186M. COP,11116938M. COP,4326564M. COP,,-2104814M. COP,,,,,1106268M. COP,3204713M. COP,-1539177M. COP,3688430M. COP,-1377561M. COP,-684483M. COP,,,,,,,,Utilities,Utilities,Electric Utilities,Electric Utilities,ESP,Espanol,Spanish,BVC,Bolsa de Valores de Colombia,Colombian Securities Exchange,Interconnection Electric SA ESP (ISA),,,,,,,,,,,,,,,Colombia,"Colombia, South America",,,,COP,Colombian Peso,Chris,Investing.com,2022-07-05
COL,Colombia,Colombia,UTC-05:00,남아메리카,351281000000 USD,50372424,라틴아메리카,US46625H1005,JPMorgan Chase & Co (JPM),JPMorgan Chase & Co (JPM),"JPMorgan Chase & Co. is a financial holding company engaged in investment banking, financial services and asset management. It operates in four segments, as well as a Corporate segment. The Company's segments are Consumer & Community Banking, Corporate & Investment Bank, Commercial Banking and Asset Management. The Consumer & Community Banking segment offers services to consumers and businesses through bank branches, automatic teller machines, online, mobile and telephone banking. The Corporate & Investment Bank segment, comprising Banking and Markets and Investor Services, offers investment banking, market-making, prime brokerage, and treasury and securities products and services to corporations, investors, financial institutions, and government and municipal entities. The Commercial Banking segment provides financial solutions, including lending, treasury services, investment banking and asset management. The Asset Management segment comprises investment and wealth management.",JPMorgan Chase & Co (JPM)(English: JPMorgan Chase & Co (JPM)) is a public company that is listed on Colombian Securities Exchange.,JPMorgan Chase & Co (JPM)(English: JPMorgan Chase & Co (JPM)) is a public company that is listed on Colombian Securities Exchange.,,,,,,212 270 6000,-,,www.jpmorganchase.com,,,,,,"383 Madison Avenue, Colombia","383 Madison Avenue, Colombia",10179,10179,10179,273948,,,Listed,James S. Crown,,Independent Director,Independent Director,Executive Board,212 270 6000,-,,212 270 6000,2021,,,,,,,,,,,,,,,,,,,,,,,,,,,,,,Financial,Financial,Banks,Banks,ESP,Espanol,Spanish,BVC,Bolsa de Valores de Colombia,Colombian Securities Exchange,JPMorgan Chase & Co (JPM),,,,,,,,,,,,,,,Colombia,"Colombia, South America",,,,COP,Colombian Peso,Chris,Investing.com,2022-07-05
COL,Colombia,Colombia,UTC-05:00,남아메리카,351281000000 USD,50372424,라틴아메리카,COG20PA00021,Organizacion Terpel SA (TPL),Organizacion Terpel SA (TPL),"Organizacion Terpel SA is a Colombia-based company primarily engaged in the refining and marketing of oil and gas products. The Company specializes in buying, distributing and transporting fuel and natural gas, as well as in producing oils and lubricants for scooters, cars and trucks. It operates a network of gasoline stations with convenience stores and carwash, named Terpel. The Company also manages natural gas vehicle (NGV) stations, under the Gazel brand name. It provides a range of fuel types within maritime, aviation and industrial sectors. Furthermore, It is involved in the design and construction of NGV stations. The Company is present in Chile, Colombia, Ecuador, Mexico, Panama, and Peru, among others, through a number of subsidiaries, such as Petrolera Nacional SA, Lutexsa Industrial Comercila Cia Ltda, Combustibles Ecologicos Mexicanos SA de CV, Gazel Peru and PGN Gas Norte SAC.",Organizacion Terpel SA (TPL)(English: Organizacion Terpel SA (TPL)) is a public company that is listed on Colombian Securities Exchange.,Organizacion Terpel SA (TPL)(English: Organizacion Terpel SA (TPL)) is a public company that is listed on Colombian Securities Exchange.,,,,,,-,-,,www.terpel.com,,,,,,"Carrera 7 No. 75 - 51, Colombia","Carrera 7 No. 75 - 51, Colombia",,,,1,,,Listed,Bernardo Dyner Rezonzow,,Director,Director,Executive Board,-,-,,-,2021,3164232.36M. COP,,8160519.78M. COP,2178810.9M. COP,,5585542.16M. COP,2574977.63M. COP,8160519.78M. COP,23142510.51M. COP,20773697.87M. COP,1171617.13M. COP,774387.79M. COP,-174727.79M. COP,,,,587010.55M. COP,211276.67M. COP,375733.87M. COP,619234.77M. COP,-339002.56M. COP,-207052.79M. COP,,,,,,,,Consumer Discretionary,Consumer Discretionary,Specialty Retail,Specialty Retail,ESP,Espanol,Spanish,BVC,Bolsa de Valores de Colombia,Colombian Securities Exchange,Organizacion Terpel SA (TPL),,,,,,,,,,,,,,,Colombia,"Colombia, South America",,,,COP,Colombian Peso,Chris,Investing.com,2022-07-05
COL,Colombia,Colombia,UTC-05:00,남아메리카,351281000000 USD,50372424,라틴아메리카,,VALORES SIMESA S.A.,VALORES SIMESA S.A.,,,,,,,,,,,,,,,,,,,,,,,,,,Listed,,,,,,,,,,,,,,,,,,,,,,,,,,,,,,,,,,,,,,,,,,,,ESP,Espanol,Spanish,BVC,Bolsa de Valores de Colombia,Colombian Securities Exchange,VALORES SIMESA S.A.,,,,,,,,,,,,,,,Colombia,"Colombia, South America",,,,COP,Colombian Peso,Chris,Investing.com,2022-07-05
COL,Colombia,Colombia,UTC-05:00,남아메리카,351281000000 USD,50372424,라틴아메리카,,VALORES INDUSTRIALES S.A.,VALORES INDUSTRIALES S.A.,,,,,,,,,,,,,,,,,,,,,,,,,,Listed,,,,,,,,,,,,,,,,,,,,,,,,,,,,,,,,,,,,,,,,,,,,ESP,Espanol,Spanish,BVC,Bolsa de Valores de Colombia,Colombian Securities Exchange,VALORES INDUSTRIALES S.A.,,,,,,,,,,,,,,,Colombia,"Colombia, South America",,,,COP,Colombian Peso,Chris,Investing.com,2022-07-05
COL,Colombia,Colombia,UTC-05:00,남아메리카,351281000000 USD,50372424,라틴아메리카,,RIOPAILA CASTILLA S.A.,RIOPAILA CASTILLA S.A.,,,,,,,,,,,,,,,,,,,,,,,,,,Listed,,,,,,,,,,,,,,,,,,,,,,,,,,,,,,,,,,,,,,,,,,,,ESP,Espanol,Spanish,BVC,Bolsa de Valores de Colombia,Colombian Securities Exchange,RIOPAILA CASTILLA S.A.,,,,,,,,,,,,,,,Colombia,"Colombia, South America",,,,COP,Colombian Peso,Chris,Investing.com,2022-07-05
COL,Colombia,Colombia,UTC-05:00,남아메리카,351281000000 USD,50372424,라틴아메리카,,RIOPAILA AGRICOLA S.A.,RIOPAILA AGRICOLA S.A.,,,,,,,,,,,,,,,,,,,,,,,,,,Listed,,,,,,,,,,,,,,,,,,,,,,,,,,,,,,,,,,,,,,,,,,,,ESP,Espanol,Spanish,BVC,Bolsa de Valores de Colombia,Colombian Securities Exchange,RIOPAILA AGRICOLA S.A.,,,,,,,,,,,,,,,Colombia,"Colombia, South America",,,,COP,Colombian Peso,Chris,Investing.com,2022-07-05
COL,Colombia,Colombia,UTC-05:00,남아메리카,351281000000 USD,50372424,라틴아메리카,,R.C.N. TELEVISION S.A.,R.C.N. TELEVISION S.A.,,,,,,,,,,,,,,,,,,,,,,,,,,Listed,,,,,,,,,,,,,,,,,,,,,,,,,,,,,,,,,,,,,,,,,,,,ESP,Espanol,Spanish,BVC,Bolsa de Valores de Colombia,Colombian Securities Exchange,R.C.N. TELEVISION S.A.,,,,,,,,,,,,,,,Colombia,"Colombia, South America",,,,COP,Colombian Peso,Chris,Investing.com,2022-07-05
COL,Colombia,Colombia,UTC-05:00,남아메리카,351281000000 USD,50372424,라틴아메리카,,PROMIGAS S.A. E.S.P.,PROMIGAS S.A. E.S.P.,,,,,,,,,,,,,,,,,,,,,,,,,,Listed,,,,,,,,,,,,,,,,,,,,,,,,,,,,,,,,,,,,,,,,,,,,ESP,Espanol,Spanish,BVC,Bolsa de Valores de Colombia,Colombian Securities Exchange,PROMIGAS S.A. E.S.P.,,,,,,,,,,,,,,,Colombia,"Colombia, South America",,,,COP,Colombian Peso,Chris,Investing.com,2022-07-05
COL,Colombia,Colombia,UTC-05:00,남아메리카,351281000000 USD,50372424,라틴아메리카,,PRODUCTOS FAMILIA S.A.,PRODUCTOS FAMILIA S.A.,,,,,,,,,,,,,,,,,,,,,,,,,,Listed,,,,,,,,,,,,,,,,,,,,,,,,,,,,,,,,,,,,,,,,,,,,ESP,Espanol,Spanish,BVC,Bolsa de Valores de Colombia,Colombian Securities Exchange,PRODUCTOS FAMILIA S.A.,,,,,,,,,,,,,,,Colombia,"Colombia, South America",,,,COP,Colombian Peso,Chris,Investing.com,2022-07-05
COL,Colombia,Colombia,UTC-05:00,남아메리카,351281000000 USD,50372424,라틴아메리카,,MINEROS S.A.,MINEROS S.A.,,,,,,,,,,,,,,,,,,,,,,,,,,Listed,,,,,,,,,,,,,,,,,,,,,,,,,,,,,,,,,,,,,,,,,,,,ESP,Espanol,Spanish,BVC,Bolsa de Valores de Colombia,Colombian Securities Exchange,MINEROS S.A.,,,,,,,,,,,,,,,Colombia,"Colombia, South America",,,,COP,Colombian Peso,Chris,Investing.com,2022-07-05
COL,Colombia,Colombia,UTC-05:00,남아메리카,351281000000 USD,50372424,라틴아메리카,,MAYAGUEZ S.A.,MAYAGUEZ S.A.,,,,,,,,,,,,,,,,,,,,,,,,,,Listed,,,,,,,,,,,,,,,,,,,,,,,,,,,,,,,,,,,,,,,,,,,,ESP,Espanol,Spanish,BVC,Bolsa de Valores de Colombia,Colombian Securities Exchange,MAYAGUEZ S.A.,,,,,,,,,,,,,,,Colombia,"Colombia, South America",,,,COP,Colombian Peso,Chris,Investing.com,2022-07-05
COL,Colombia,Colombia,UTC-05:00,남아메리카,351281000000 USD,50372424,라틴아메리카,,MANUFACTURAS DE CEMENTO S.A.,MANUFACTURAS DE CEMENTO S.A.,,,,,,,,,,,,,,,,,,,,,,,,,,Listed,,,,,,,,,,,,,,,,,,,,,,,,,,,,,,,,,,,,,,,,,,,,ESP,Espanol,Spanish,BVC,Bolsa de Valores de Colombia,Colombian Securities Exchange,MANUFACTURAS DE CEMENTO S.A.,,,,,,,,,,,,,,,Colombia,"Colombia, South America",,,,COP,Colombian Peso,Chris,Investing.com,2022-07-05
COL,Colombia,Colombia,UTC-05:00,남아메리카,351281000000 USD,50372424,라틴아메리카,,INVERSIONES VENECIA S.A.,INVERSIONES VENECIA S.A.,,,,,,,,,,,,,,,,,,,,,,,,,,Listed,,,,,,,,,,,,,,,,,,,,,,,,,,,,,,,,,,,,,,,,,,,,ESP,Espanol,Spanish,BVC,Bolsa de Valores de Colombia,Colombian Securities Exchange,INVERSIONES VENECIA S.A.,,,,,,,,,,,,,,,Colombia,"Colombia, South America",,,,COP,Colombian Peso,Chris,Investing.com,2022-07-05
COL,Colombia,Colombia,UTC-05:00,남아메리카,351281000000 USD,50372424,라틴아메리카,,INVERSIONES EQUIPOS Y SERVICIOS S.A.,INVERSIONES EQUIPOS Y SERVICIOS S.A.,,,,,,,,,,,,,,,,,,,,,,,,,,Listed,,,,,,,,,,,,,,,,,,,,,,,,,,,,,,,,,,,,,,,,,,,,ESP,Espanol,Spanish,BVC,Bolsa de Valores de Colombia,Colombian Securities Exchange,INVERSIONES EQUIPOS Y SERVICIOS S.A.,,,,,,,,,,,,,,,Colombia,"Colombia, South America",,,,COP,Colombian Peso,Chris,Investing.com,2022-07-05
COL,Colombia,Colombia,UTC-05:00,남아메리카,351281000000 USD,50372424,라틴아메리카,,INDUSTRIAS ESTRA S.A.,INDUSTRIAS ESTRA S.A.,,,,,,,,,,,,,,,,,,,,,,,,,,Listed,,,,,,,,,,,,,,,,,,,,,,,,,,,,,,,,,,,,,,,,,,,,ESP,Espanol,Spanish,BVC,Bolsa de Valores de Colombia,Colombian Securities Exchange,INDUSTRIAS ESTRA S.A.,,,,,,,,,,,,,,,Colombia,"Colombia, South America",,,,COP,Colombian Peso,Chris,Investing.com,2022-07-05
COL,Colombia,Colombia,UTC-05:00,남아메리카,351281000000 USD,50372424,라틴아메리카,,GRUPO ORBIS S.A,GRUPO ORBIS S.A,,,,,,,,,,,,,,,,,,,,,,,,,,Listed,,,,,,,,,,,,,,,,,,,,,,,,,,,,,,,,,,,,,,,,,,,,ESP,Espanol,Spanish,BVC,Bolsa de Valores de Colombia,Colombian Securities Exchange,GRUPO ORBIS S.A,,,,,,,,,,,,,,,Colombia,"Colombia, South America",,,,COP,Colombian Peso,Chris,Investing.com,2022-07-05
COL,Colombia,Colombia,UTC-05:00,남아메리카,351281000000 USD,50372424,라틴아메리카,,GRUPO INVERSIONES SURAMERICANA,GRUPO INVERSIONES SURAMERICANA,,,,,,,,,,,,,,,,,,,,,,,,,,Listed,,,,,,,,,,,,,,,,,,,,,,,,,,,,,,,,,,,,,,,,,,,,ESP,Espanol,Spanish,BVC,Bolsa de Valores de Colombia,Colombian Securities Exchange,GRUPO INVERSIONES SURAMERICANA,,,,,,,,,,,,,,,Colombia,"Colombia, South America",,,,COP,Colombian Peso,Chris,Investing.com,2022-07-05
COL,Colombia,Colombia,UTC-05:00,남아메리카,351281000000 USD,50372424,라틴아메리카,,GRUPO ENERGIA BOGOTA S.A. E.S.P.,GRUPO ENERGIA BOGOTA S.A. E.S.P.,,,,,,,,,,,,,,,,,,,,,,,,,,Listed,,,,,,,,,,,,,,,,,,,,,,,,,,,,,,,,,,,,,,,,,,,,ESP,Espanol,Spanish,BVC,Bolsa de Valores de Colombia,Colombian Securities Exchange,GRUPO ENERGIA BOGOTA S.A. E.S.P.,,,,,,,,,,,,,,,Colombia,"Colombia, South America",,,,COP,Colombian Peso,Chris,Investing.com,2022-07-05
COL,Colombia,Colombia,UTC-05:00,남아메리카,351281000000 USD,50372424,라틴아메리카,,GRUPO AVAL ACCIONES Y VALORES S.A.,GRUPO AVAL ACCIONES Y VALORES S.A.,,,,,,,,,,,,,,,,,,,,,,,,,,Listed,,,,,,,,,,,,,,,,,,,,,,,,,,,,,,,,,,,,,,,,,,,,ESP,Espanol,Spanish,BVC,Bolsa de Valores de Colombia,Colombian Securities Exchange,GRUPO AVAL ACCIONES Y VALORES S.A.,,,,,,,,,,,,,,,Colombia,"Colombia, South America",,,,COP,Colombian Peso,Chris,Investing.com,2022-07-05
COL,Colombia,Colombia,UTC-05:00,남아메리카,351281000000 USD,50372424,라틴아메리카,,GAS NATURAL DEL ORIENTE S.A. E.S.P.,GAS NATURAL DEL ORIENTE S.A. E.S.P.,,,,,,,,,,,,,,,,,,,,,,,,,,Listed,,,,,,,,,,,,,,,,,,,,,,,,,,,,,,,,,,,,,,,,,,,,ESP,Espanol,Spanish,BVC,Bolsa de Valores de Colombia,Colombian Securities Exchange,GAS NATURAL DEL ORIENTE S.A. E.S.P.,,,,,,,,,,,,,,,Colombia,"Colombia, South America",,,,COP,Colombian Peso,Chris,Investing.com,2022-07-05
COL,Colombia,Colombia,UTC-05:00,남아메리카,351281000000 USD,50372424,라틴아메리카,,FONDO GANADERO DEL TOLIMA S.A.,FONDO GANADERO DEL TOLIMA S.A.,,,,,,,,,,,,,,,,,,,,,,,,,,Listed,,,,,,,,,,,,,,,,,,,,,,,,,,,,,,,,,,,,,,,,,,,,ESP,Espanol,Spanish,BVC,Bolsa de Valores de Colombia,Colombian Securities Exchange,FONDO GANADERO DEL TOLIMA S.A.,,,,,,,,,,,,,,,Colombia,"Colombia, South America",,,,COP,Colombian Peso,Chris,Investing.com,2022-07-05
COL,Colombia,Colombia,UTC-05:00,남아메리카,351281000000 USD,50372424,라틴아메리카,,FONDO BURSATIL ISHARES COLCAP,FONDO BURSATIL ISHARES COLCAP,,,,,,,,,,,,,,,,,,,,,,,,,,Listed,,,,,,,,,,,,,,,,,,,,,,,,,,,,,,,,,,,,,,,,,,,,ESP,Espanol,Spanish,BVC,Bolsa de Valores de Colombia,Colombian Securities Exchange,FONDO BURSATIL ISHARES COLCAP,,,,,,,,,,,,,,,Colombia,"Colombia, South America",,,,COP,Colombian Peso,Chris,Investing.com,2022-07-05
COL,Colombia,Colombia,UTC-05:00,남아메리카,351281000000 USD,50372424,라틴아메리카,,FONDO BURSATIL GLOBAL X COLOMBIA SELECT DE SYP,FONDO BURSATIL GLOBAL X COLOMBIA SELECT DE SYP,,,,,,,,,,,,,,,,,,,,,,,,,,Listed,,,,,,,,,,,,,,,,,,,,,,,,,,,,,,,,,,,,,,,,,,,,ESP,Espanol,Spanish,BVC,Bolsa de Valores de Colombia,Colombian Securities Exchange,FONDO BURSATIL GLOBAL X COLOMBIA SELECT DE SYP,,,,,,,,,,,,,,,Colombia,"Colombia, South America",,,,COP,Colombian Peso,Chris,Investing.com,2022-07-05
COL,Colombia,Colombia,UTC-05:00,남아메리카,351281000000 USD,50372424,라틴아메리카,,ENKA DE COLOMBIA S.A.,ENKA DE COLOMBIA S.A.,,,,,,,,,,,,,,,,,,,,,,,,,,Listed,,,,,,,,,,,,,,,,,,,,,,,,,,,,,,,,,,,,,,,,,,,,ESP,Espanol,Spanish,BVC,Bolsa de Valores de Colombia,Colombian Securities Exchange,ENKA DE COLOMBIA S.A.,,,,,,,,,,,,,,,Colombia,"Colombia, South America",,,,COP,Colombian Peso,Chris,Investing.com,2022-07-05
COL,Colombia,Colombia,UTC-05:00,남아메리카,351281000000 USD,50372424,라틴아메리카,,EMPRESA DE TELECOMUNICACIONES DE BOGOTA S.A. E.S.P.,EMPRESA DE TELECOMUNICACIONES DE BOGOTA S.A. E.S.P.,,,,,,,,,,,,,,,,,,,,,,,,,,Listed,,,,,,,,,,,,,,,,,,,,,,,,,,,,,,,,,,,,,,,,,,,,ESP,Espanol,Spanish,BVC,Bolsa de Valores de Colombia,Colombian Securities Exchange,EMPRESA DE TELECOMUNICACIONES DE BOGOTA S.A. E.S.P.,,,,,,,,,,,,,,,Colombia,"Colombia, South America",,,,COP,Colombian Peso,Chris,Investing.com,2022-07-05
COL,Colombia,Colombia,UTC-05:00,남아메리카,351281000000 USD,50372424,라틴아메리카,,CREDIFAMILIA COMPA?‘IA DE FINANCIAMIENTO SA,CREDIFAMILIA COMPA?‘IA DE FINANCIAMIENTO SA,,,,,,,,,,,,,,,,,,,,,,,,,,Listed,,,,,,,,,,,,,,,,,,,,,,,,,,,,,,,,,,,,,,,,,,,,ESP,Espanol,Spanish,BVC,Bolsa de Valores de Colombia,Colombian Securities Exchange,CREDIFAMILIA COMPA?‘IA DE FINANCIAMIENTO SA,,,,,,,,,,,,,,,Colombia,"Colombia, South America",,,,COP,Colombian Peso,Chris,Investing.com,2022-07-05
COL,Colombia,Colombia,UTC-05:00,남아메리카,351281000000 USD,50372424,라틴아메리카,,COOMEVA ENTIDAD PROMOTORA DE SALUD S.A.,COOMEVA ENTIDAD PROMOTORA DE SALUD S.A.,,,,,,,,,,,,,,,,,,,,,,,,,,Listed,,,,,,,,,,,,,,,,,,,,,,,,,,,,,,,,,,,,,,,,,,,,ESP,Espanol,Spanish,BVC,Bolsa de Valores de Colombia,Colombian Securities Exchange,COOMEVA ENTIDAD PROMOTORA DE SALUD S.A.,,,,,,,,,,,,,,,Colombia,"Colombia, South America",,,,COP,Colombian Peso,Chris,Investing.com,2022-07-05
COL,Colombia,Colombia,UTC-05:00,남아메리카,351281000000 USD,50372424,라틴아메리카,,CONSTRUCTORA CONCRETO S.A,CONSTRUCTORA CONCRETO S.A,,,,,,,,,,,,,,,,,,,,,,,,,,Listed,,,,,,,,,,,,,,,,,,,,,,,,,,,,,,,,,,,,,,,,,,,,ESP,Espanol,Spanish,BVC,Bolsa de Valores de Colombia,Colombian Securities Exchange,CONSTRUCTORA CONCRETO S.A,,,,,,,,,,,,,,,Colombia,"Colombia, South America",,,,COP,Colombian Peso,Chris,Investing.com,2022-07-05
COL,Colombia,Colombia,UTC-05:00,남아메리카,351281000000 USD,50372424,라틴아메리카,,CONSTRUCCIONES EL CONDOR S.A,CONSTRUCCIONES EL CONDOR S.A,,,,,,,,,,,,,,,,,,,,,,,,,,Listed,,,,,,,,,,,,,,,,,,,,,,,,,,,,,,,,,,,,,,,,,,,,ESP,Espanol,Spanish,BVC,Bolsa de Valores de Colombia,Colombian Securities Exchange,CONSTRUCCIONES EL CONDOR S.A,,,,,,,,,,,,,,,Colombia,"Colombia, South America",,,,COP,Colombian Peso,Chris,Investing.com,2022-07-05
COL,Colombia,Colombia,UTC-05:00,남아메리카,351281000000 USD,50372424,라틴아메리카,,CONSTRUCCIONES CIVILES S.A.,CONSTRUCCIONES CIVILES S.A.,,,,,,,,,,,,,,,,,,,,,,,,,,Listed,,,,,,,,,,,,,,,,,,,,,,,,,,,,,,,,,,,,,,,,,,,,ESP,Espanol,Spanish,BVC,Bolsa de Valores de Colombia,Colombian Securities Exchange,CONSTRUCCIONES CIVILES S.A.,,,,,,,,,,,,,,,Colombia,"Colombia, South America",,,,COP,Colombian Peso,Chris,Investing.com,2022-07-05
COL,Colombia,Colombia,UTC-05:00,남아메리카,351281000000 USD,50372424,라틴아메리카,,CONFINANCIERA S.A. C.F.C.,CONFINANCIERA S.A. C.F.C.,,,,,,,,,,,,,,,,,,,,,,,,,,Listed,,,,,,,,,,,,,,,,,,,,,,,,,,,,,,,,,,,,,,,,,,,,ESP,Espanol,Spanish,BVC,Bolsa de Valores de Colombia,Colombian Securities Exchange,CONFINANCIERA S.A. C.F.C.,,,,,,,,,,,,,,,Colombia,"Colombia, South America",,,,COP,Colombian Peso,Chris,Investing.com,2022-07-05
COL,Colombia,Colombia,UTC-05:00,남아메리카,351281000000 USD,50372424,라틴아메리카,,COMPANIA DE EMPAQUES S.A.,COMPANIA DE EMPAQUES S.A.,,,,,,,,,,,,,,,,,,,,,,,,,,Listed,,,,,,,,,,,,,,,,,,,,,,,,,,,,,,,,,,,,,,,,,,,,ESP,Espanol,Spanish,BVC,Bolsa de Valores de Colombia,Colombian Securities Exchange,COMPANIA DE EMPAQUES S.A.,,,,,,,,,,,,,,,Colombia,"Colombia, South America",,,,COP,Colombian Peso,Chris,Investing.com,2022-07-05
COL,Colombia,Colombia,UTC-05:00,남아메리카,351281000000 USD,50372424,라틴아메리카,,COMPANIA DE ELECTRICIDAD DE TULUA S.A. E.S.P.,COMPANIA DE ELECTRICIDAD DE TULUA S.A. E.S.P.,,,,,,,,,,,,,,,,,,,,,,,,,,Listed,,,,,,,,,,,,,,,,,,,,,,,,,,,,,,,,,,,,,,,,,,,,ESP,Espanol,Spanish,BVC,Bolsa de Valores de Colombia,Colombian Securities Exchange,COMPANIA DE ELECTRICIDAD DE TULUA S.A. E.S.P.,,,,,,,,,,,,,,,Colombia,"Colombia, South America",,,,COP,Colombian Peso,Chris,Investing.com,2022-07-05
COL,Colombia,Colombia,UTC-05:00,남아메리카,351281000000 USD,50372424,라틴아메리카,,COMPANIA AGRICOLA SAN FELIPE S.A.,COMPANIA AGRICOLA SAN FELIPE S.A.,,,,,,,,,,,,,,,,,,,,,,,,,,Listed,,,,,,,,,,,,,,,,,,,,,,,,,,,,,,,,,,,,,,,,,,,,ESP,Espanol,Spanish,BVC,Bolsa de Valores de Colombia,Colombian Securities Exchange,COMPANIA AGRICOLA SAN FELIPE S.A.,,,,,,,,,,,,,,,Colombia,"Colombia, South America",,,,COP,Colombian Peso,Chris,Investing.com,2022-07-05
COL,Colombia,Colombia,UTC-05:00,남아메리카,351281000000 USD,50372424,라틴아메리카,,COLOMBINA S.A.,COLOMBINA S.A.,,,,,,,,,,,,,,,,,,,,,,,,,,Listed,,,,,,,,,,,,,,,,,,,,,,,,,,,,,,,,,,,,,,,,,,,,ESP,Espanol,Spanish,BVC,Bolsa de Valores de Colombia,Colombian Securities Exchange,COLOMBINA S.A.,,,,,,,,,,,,,,,Colombia,"Colombia, South America",,,,COP,Colombian Peso,Chris,Investing.com,2022-07-05
COL,Colombia,Colombia,UTC-05:00,남아메리카,351281000000 USD,50372424,라틴아메리카,,COLOMBIA TELECOMUNICACIONES SA,COLOMBIA TELECOMUNICACIONES SA,,,,,,,,,,,,,,,,,,,,,,,,,,Listed,,,,,,,,,,,,,,,,,,,,,,,,,,,,,,,,,,,,,,,,,,,,ESP,Espanol,Spanish,BVC,Bolsa de Valores de Colombia,Colombian Securities Exchange,COLOMBIA TELECOMUNICACIONES SA,,,,,,,,,,,,,,,Colombia,"Colombia, South America",,,,COP,Colombian Peso,Chris,Investing.com,2022-07-05
COL,Colombia,Colombia,UTC-05:00,남아메리카,351281000000 USD,50372424,라틴아메리카,,CLINICA DE MARLY S.A.,CLINICA DE MARLY S.A.,,,,,,,,,,,,,,,,,,,,,,,,,,Listed,,,,,,,,,,,,,,,,,,,,,,,,,,,,,,,,,,,,,,,,,,,,ESP,Espanol,Spanish,BVC,Bolsa de Valores de Colombia,Colombian Securities Exchange,CLINICA DE MARLY S.A.,,,,,,,,,,,,,,,Colombia,"Colombia, South America",,,,COP,Colombian Peso,Chris,Investing.com,2022-07-05
COL,Colombia,Colombia,UTC-05:00,남아메리카,351281000000 USD,50372424,라틴아메리카,,CEMENTOS ARGOS S.A.,CEMENTOS ARGOS S.A.,,,,,,,,,,,,,,,,,,,,,,,,,,Listed,,,,,,,,,,,,,,,,,,,,,,,,,,,,,,,,,,,,,,,,,,,,ESP,Espanol,Spanish,BVC,Bolsa de Valores de Colombia,Colombian Securities Exchange,CEMENTOS ARGOS S.A.,,,,,,,,,,,,,,,Colombia,"Colombia, South America",,,,COP,Colombian Peso,Chris,Investing.com,2022-07-05
COL,Colombia,Colombia,UTC-05:00,남아메리카,351281000000 USD,50372424,라틴아메리카,,CELSIA COLOMBIA S.A. E.S.P.,CELSIA COLOMBIA S.A. E.S.P.,,,,,,,,,,,,,,,,,,,,,,,,,,Listed,,,,,,,,,,,,,,,,,,,,,,,,,,,,,,,,,,,,,,,,,,,,ESP,Espanol,Spanish,BVC,Bolsa de Valores de Colombia,Colombian Securities Exchange,CELSIA COLOMBIA S.A. E.S.P.,,,,,,,,,,,,,,,Colombia,"Colombia, South America",,,,COP,Colombian Peso,Chris,Investing.com,2022-07-05
COL,Colombia,Colombia,UTC-05:00,남아메리카,351281000000 USD,50372424,라틴아메리카,,CASTILLA AGRICOLA S.A.,CASTILLA AGRICOLA S.A.,,,,,,,,,,,,,,,,,,,,,,,,,,Listed,,,,,,,,,,,,,,,,,,,,,,,,,,,,,,,,,,,,,,,,,,,,ESP,Espanol,Spanish,BVC,Bolsa de Valores de Colombia,Colombian Securities Exchange,CASTILLA AGRICOLA S.A.,,,,,,,,,,,,,,,Colombia,"Colombia, South America",,,,COP,Colombian Peso,Chris,Investing.com,2022-07-05
COL,Colombia,Colombia,UTC-05:00,남아메리카,351281000000 USD,50372424,라틴아메리카,,CARACOL TELEVISION S.A.,CARACOL TELEVISION S.A.,,,,,,,,,,,,,,,,,,,,,,,,,,Listed,,,,,,,,,,,,,,,,,,,,,,,,,,,,,,,,,,,,,,,,,,,,ESP,Espanol,Spanish,BVC,Bolsa de Valores de Colombia,Colombian Securities Exchange,CARACOL TELEVISION S.A.,,,,,,,,,,,,,,,Colombia,"Colombia, South America",,,,COP,Colombian Peso,Chris,Investing.com,2022-07-05
COL,Colombia,Colombia,UTC-05:00,남아메리카,351281000000 USD,50372424,라틴아메리카,,CANACOL ENERGY LTD,CANACOL ENERGY LTD,,,,,,,,,,,,,,,,,,,,,,,,,,Listed,,,,,,,,,,,,,,,,,,,,,,,,,,,,,,,,,,,,,,,,,,,,ESP,Espanol,Spanish,BVC,Bolsa de Valores de Colombia,Colombian Securities Exchange,CANACOL ENERGY LTD,,,,,,,,,,,,,,,Colombia,"Colombia, South America",,,,COP,Colombian Peso,Chris,Investing.com,2022-07-05
COL,Colombia,Colombia,UTC-05:00,남아메리카,351281000000 USD,50372424,라틴아메리카,,BOLSA DE VALORES DE COLOMBIA S.A.,BOLSA DE VALORES DE COLOMBIA S.A.,,,,,,,,,,,,,,,,,,,,,,,,,,Listed,,,,,,,,,,,,,,,,,,,,,,,,,,,,,,,,,,,,,,,,,,,,ESP,Espanol,Spanish,BVC,Bolsa de Valores de Colombia,Colombian Securities Exchange,BOLSA DE VALORES DE COLOMBIA S.A.,,,,,,,,,,,,,,,Colombia,"Colombia, South America",,,,COP,Colombian Peso,Chris,Investing.com,2022-07-05
COL,Colombia,Colombia,UTC-05:00,남아메리카,351281000000 USD,50372424,라틴아메리카,,BMC BOLSA MERCANTIL DE COLOMBIA,BMC BOLSA MERCANTIL DE COLOMBIA,,,,,,,,,,,,,,,,,,,,,,,,,,Listed,,,,,,,,,,,,,,,,,,,,,,,,,,,,,,,,,,,,,,,,,,,,ESP,Espanol,Spanish,BVC,Bolsa de Valores de Colombia,Colombian Securities Exchange,BMC BOLSA MERCANTIL DE COLOMBIA,,,,,,,,,,,,,,,Colombia,"Colombia, South America",,,,COP,Colombian Peso,Chris,Investing.com,2022-07-05
COL,Colombia,Colombia,UTC-05:00,남아메리카,351281000000 USD,50372424,라틴아메리카,,BANCO COMERCIAL AV VILLAS S.A.,BANCO COMERCIAL AV VILLAS S.A.,,,,,,,,,,,,,,,,,,,,,,,,,,Listed,,,,,,,,,,,,,,,,,,,,,,,,,,,,,,,,,,,,,,,,,,,,ESP,Espanol,Spanish,BVC,Bolsa de Valores de Colombia,Colombian Securities Exchange,BANCO COMERCIAL AV VILLAS S.A.,,,,,,,,,,,,,,,Colombia,"Colombia, South America",,,,COP,Colombian Peso,Chris,Investing.com,2022-07-05
COL,Colombia,Colombia,UTC-05:00,남아메리카,351281000000 USD,50372424,라틴아메리카,,AVIANCA HOLDINGS S.A,AVIANCA HOLDINGS S.A,,,,,,,,,,,,,,,,,,,,,,,,,,Listed,,,,,,,,,,,,,,,,,,,,,,,,,,,,,,,,,,,,,,,,,,,,ESP,Espanol,Spanish,BVC,Bolsa de Valores de Colombia,Colombian Securities Exchange,AVIANCA HOLDINGS S.A,,,,,,,,,,,,,,,Colombia,"Colombia, South America",,,,COP,Colombian Peso,Chris,Investing.com,2022-07-05
COL,Colombia,Colombia,UTC-05:00,남아메리카,351281000000 USD,50372424,라틴아메리카,,ALIMENTOS DERIVADOS DE LA CANA S.A.,ALIMENTOS DERIVADOS DE LA CANA S.A.,,,,,,,,,,,,,,,,,,,,,,,,,,Listed,,,,,,,,,,,,,,,,,,,,,,,,,,,,,,,,,,,,,,,,,,,,ESP,Espanol,Spanish,BVC,Bolsa de Valores de Colombia,Colombian Securities Exchange,ALIMENTOS DERIVADOS DE LA CANA S.A.,,,,,,,,,,,,,,,Colombia,"Colombia, South America",,,,COP,Colombian Peso,Chris,Investing.com,2022-07-05
COL,Colombia,Colombia,UTC-05:00,남아메리카,351281000000 USD,50372424,라틴아메리카,,AGROGUACHAL S.A.,AGROGUACHAL S.A.,,,,,,,,,,,,,,,,,,,,,,,,,,Listed,,,,,,,,,,,,,,,,,,,,,,,,,,,,,,,,,,,,,,,,,,,,ESP,Espanol,Spanish,BVC,Bolsa de Valores de Colombia,Colombian Securities Exchange,AGROGUACHAL S.A.,,,,,,,,,,,,,,,Colombia,"Colombia, South America",,,,COP,Colombian Peso,Chris,Investing.com,2022-07-05
COL,Colombia,Colombia,UTC-05:00,남아메리카,351281000000 USD,50372424,라틴아메리카,,ADMINISTRADORA DE FONDOS DE PENSIONES Y CES PROTECCION,ADMINISTRADORA DE FONDOS DE PENSIONES Y CES PROTECCION,,,,,,,,,,,,,,,,,,,,,,,,,,Listed,,,,,,,,,,,,,,,,,,,,,,,,,,,,,,,,,,,,,,,,,,,,ESP,Espanol,Spanish,BVC,Bolsa de Valores de Colombia,Colombian Securities Exchange,ADMINISTRADORA DE FONDOS DE PENSIONES Y CES PROTECCION,,,,,,,,,,,,,,,Colombia,"Colombia, South America",,,,COP,Colombian Peso,Chris,Investing.com,2022-07-05
COL,Colombia,Colombia,UTC-05:00,남아메리카,351281000000 USD,50372424,라틴아메리카,,ACERIAS PAZ DEL RIO S.A.,ACERIAS PAZ DEL RIO S.A.,,,,,,,,,,,,,,,,,,,,,,,,,,Listed,,,,,,,,,,,,,,,,,,,,,,,,,,,,,,,,,,,,,,,,,,,,ESP,Espanol,Spanish,BVC,Bolsa de Valores de Colombia,Colombian Securities Exchange,ACERIAS PAZ DEL RIO S.A.,,,,,,,,,,,,,,,Colombia,"Colombia, South America",,,,COP,Colombian Peso,Chris,Investing.com,2022-07-05
