헤브론스타국가코드,현지언어국가명,영문국가명,시간,대륙,GDP,인구,지역,기업식별코드,현지언어기업명,영문기업명,현지언어한줄소개내용,영문한줄소개내용,현지언어기업소개내용,영문기업소개내용,설립일자,법인등록번호,사업자등록번호,기업대표전화번호,대표팩스번호,대표이메일,기업홈페이지URL,페이스북URL,인스타그램URL,유튜브URL,링크드인URL,트위터핸들,현지언어기업주소,영문기업주소,현지언어기업상세주소,영문기업상세주소,기업우편번호,기업종업원,외감법인구분,기업연수,기업상태,현지언어담당자명,영문담당자명,현지언어직위명,영문직위명,담당자부서명,담당자전화번호,담당자팩스번호,담당자이메일,담당자이동전화번호,회계연도,유동자산금액,비유동자산금액,자산총계금액,유동부채금액,비유동부채금액,부채총계금액,자본총계금액,부채자본총계금액,매출액,매출원가금액,판매비관리비금액,영업이익손실금액,금융수익금액,금융비용금액,기타영업외수익금액,기타영업외비용금액,법인세차감전순이익,법인세비용,당기순이익,영업활동현금흐름금액,투자활동현금흐름금액,재무활동현금흐름금액,기초현금자산금액,기말현금자산금액,부채비율,영업이익율,매출액증가율,영업이익증가율,당기순이익 증가율,기업 CAGR,현지언어산업군명,영문산업군명,현지언어주요제품명내용,영문주요제품명내용,국가언어코드,현지언어언어명,영문언어명,주식시장코드,현지언어주식시장명,영문주식시장명,상장코드,상장일자,주가(일),주가(1주),주가(1개월),주가(6개월),주가(1년),주가(3년),주가(5년),주가(10년),거래량,시가총액,지점코드,지점명,주소,주소상세,우편번호,사업자등록번호,이벤트,통화구분코드,화폐단위명,담당자,소스,날짜
BEL,Belgium,Belgie,UTC+02:00,Europe,715000000000 USD,11492641,서유럽,BEL XBRUBREDERODE,BREDERODE,BREDERODE,BREDERODE(English: BREDERODE) is a public company that is listed on EURONEXT BRUSSELS(Belgium). Address: 32 Boulevard Joseph II,BREDERODE(English: BREDERODE) is a public company that is listed on EURONEXT BRUSSELS(Belgium). Address: 32 Boulevard Joseph II,BREDERODE(English: BREDERODE) is a public company that is listed on EURONEXT BRUSSELS(Belgium). Their net sales were 146.840K Euros. You can find more information on company's website. Company Address: 32 Boulevard Joseph II,BREDERODE(English: BREDERODE) is a public company that is listed on EURONEXT BRUSSELS(Belgium). Their net sales were 146.840K Euros. You can find more information on company's website. Company Address: 32 Boulevard Joseph II,,,,,,info@brederode.eu,https://www.brederode.eu/,,,,,,32 Boulevard Joseph II,32 Boulevard Joseph II,LU-1840 Luxemburg,LU-1840 Luxemburg,,,,,Active,Axel van der Mersch,Axel van der Mersch,CONTACT,CONTACT,BREDERODE,,,info@brederode.eu,,2017,,,,,,,,,146.840천 유로,,,,,,,,,,169.670천 유로,,,,,,,,,,,,"3020, Financial Services","3020, Financial Services","30202010, Asset Managers and Custodians","30202010, Asset Managers and Custodians",nl-BE,Nederlands,Dutch,XBRU,EURONEXT BRUSSELS,EURONEXT BRUSSELS,BREB,,94.70 EUR,115.80 EUR,123.20 EUR,,137.00 EUR,,,,"1,015,015",2.775B,,,Belgie,"Belgie, Europe",,,,EUR,유로,Chris,EURONEXT,2022-05-26
BEL,Belgium,Belgie,UTC+02:00,Europe,715000000000 USD,11492641,서유럽,BEL XBRUATENOR,ATENOR,ATENOR,ATENOR(English: ATENOR) is a public company that is listed on EURONEXT BRUSSELS(Belgium). Address: Belgium,ATENOR(English: ATENOR) is a public company that is listed on EURONEXT BRUSSELS(Belgium). Address: Belgium,ATENOR(English: ATENOR) is a public company that is listed on EURONEXT BRUSSELS(Belgium). Their net sales were 174.118K Euros. You can find more information on company's website. Company Address: Belgium,ATENOR(English: ATENOR) is a public company that is listed on EURONEXT BRUSSELS(Belgium). Their net sales were 174.118K Euros. You can find more information on company's website. Company Address: Belgium,,,,,,info@atenor.be,https://www.atenor.eu/fr/investisseurs/,,,,,,Belgium,Belgium,"Belgium, Europe","Belgie, Europe",,,,,Active,BENS,BENS,CONTACT,CONTACT,ATENOR,,,info@atenor.be,,2021,,,,,,,,,174.118천 유로,,,-46.455천 유로,,,,,,,-2.480천 유로,,,,,,,,,,,,"3510, Real Estate","3510, Real Estate","35101010, Real Estate Holding and Development","35101010, Real Estate Holding and Development",nl-BE,Nederlands,Dutch,XBRU,EURONEXT BRUSSELS,EURONEXT BRUSSELS,ATEB,,55.40 EUR,55.80 EUR,59.00 EUR,,62.40 EUR,,,,"13,232",389.952M,,,Belgie,"Belgie, Europe",,,,EUR,유로,Chris,EURONEXT,2022-05-26
BEL,Belgium,Belgie,UTC+02:00,Europe,715000000000 USD,11492641,서유럽,BEL XBRUBELUGA,BELUGA,BELUGA,BELUGA(English: BELUGA) is a public company that is listed on EURONEXT BRUSSELS(Belgium).,BELUGA(English: BELUGA) is a public company that is listed on EURONEXT BRUSSELS(Belgium).,BELUGA(English: BELUGA) is a public company that is listed on EURONEXT BRUSSELS(Belgium). You can find more information on company's website.,BELUGA(English: BELUGA) is a public company that is listed on EURONEXT BRUSSELS(Belgium). You can find more information on company's website.,,,,+32 496 12 13 69,,,https://live.euronext.com/en/product/equities/BE0003723377-XBRU/beluga/belu/quotes,,,,,,Groeneweg 17,Groeneweg 17,"BE-9320 Aalst, Oost-Vlaanderen","BE-9320 Aalst, Oost-Vlaanderen",,,,,Active,Bruno Lippens,Bruno Lippens,CONTACT,CONTACT,BELUGA,+32 496 12 13 69,,,+32 496 12 13 69,2021,,,,,,,,,0천 유로,,,,,,,,,,-247천 유로,,,,,,,,,,,,"3020, Financial Services","3020, Financial Services","30202000, Diversified Financial Services","30202000, Diversified Financial Services",nl-BE,Nederlands,Dutch,XBRU,EURONEXT BRUSSELS,EURONEXT BRUSSELS,BELU,,2.52 EUR,2.80 EUR,2.80 EUR,,2.80 EUR,,,,25,3.445M,,,Belgie,"Belgie, Europe",,,,EUR,유로,Chris,EURONEXT,2022-05-26
BEL,Belgium,Belgie,UTC+02:00,Europe,715000000000 USD,11492641,서유럽,BEL XBRUBARCO,BARCO,BARCO,BARCO(English: BARCO) is a public company that is listed on EURONEXT BRUSSELS(Belgium).,BARCO(English: BARCO) is a public company that is listed on EURONEXT BRUSSELS(Belgium).,BARCO(English: BARCO) is a public company that is listed on EURONEXT BRUSSELS(Belgium). You can find more information on company's website.,BARCO(English: BARCO) is a public company that is listed on EURONEXT BRUSSELS(Belgium). You can find more information on company's website.,,,,+32 (0)56 23 32 11,+32 (0)56 26 22 62,,https://live.euronext.com/en/product/equities/BE0974362940-XBRU/barco/bar/quotes,,,,,,Beneluxpark 21,Beneluxpark 21,"BE-8500 Kortrijk, West-Vlaanderen","BE-8500 Kortrijk, West-Vlaanderen",,,,,Active,Carl Vanden Bussche,Carl Vanden Bussche,CONTACT,CONTACT,BARCO,+32 (0)56 23 32 11,+32 (0)56 26 22 62,,+32 (0)56 23 32 11,2021,,,,,,,,,804.288천 유로,,,12.953천 유로,,1.110천 유로,,,,,9.759천 유로,,,,,,,,,,,,"1010, Technology","1010, Technology","10102030, Computer Hardware","10102030, Computer Hardware",nl-BE,Nederlands,Dutch,XBRU,EURONEXT BRUSSELS,EURONEXT BRUSSELS,BAR,,21.60 EUR,21.60 EUR,22.14 EUR,,24.64 EUR,,,,"1,770,612",1.991B,,,Belgie,"Belgie, Europe",,,,EUR,유로,Chris,EURONEXT,2022-05-26
BEL,Belgium,Belgie,UTC+02:00,Europe,715000000000 USD,11492641,서유럽,BEL XBRUBEFIMMO,BEFIMMO,BEFIMMO,BEFIMMO(English: BEFIMMO) is a public company that is listed on EURONEXT BRUSSELS(Belgium). Address: Parc Goemaere Cantersteen 47,BEFIMMO(English: BEFIMMO) is a public company that is listed on EURONEXT BRUSSELS(Belgium). Address: Parc Goemaere Cantersteen 47,BEFIMMO(English: BEFIMMO) is a public company that is listed on EURONEXT BRUSSELS(Belgium). Their net sales were 129.244K Euros. You can find more information on company's website. Company Address: Parc Goemaere Cantersteen 47,BEFIMMO(English: BEFIMMO) is a public company that is listed on EURONEXT BRUSSELS(Belgium). Their net sales were 129.244K Euros. You can find more information on company's website. Company Address: Parc Goemaere Cantersteen 47,,,,,,c.kerremans@befimmo.be,https://www.befimmo.be/fr,,,,,,Parc Goemaere Cantersteen 47,Parc Goemaere Cantersteen 47,"BE-1000 Bruxelles, Bruxelles-Capitale","BE-1000 Bruxelles, Bruxelles-Capitale",,,,,Active,Caroline Kerremans,Caroline Kerremans,CONTACT,CONTACT,BEFIMMO,,,c.kerremans@befimmo.be,,2021,,,,,,,,,129.244천 유로,,,-2.049천 유로,,5.901천 유로,,,,,,,,,,,,,,,,,"3510, Real Estate","3510, Real Estate","35102030, Office REITs","35102030, Office REITs",nl-BE,Nederlands,Dutch,XBRU,EURONEXT BRUSSELS,EURONEXT BRUSSELS,BEFB,,46.85 EUR,47.05 EUR,47.65 EUR,,47.75 EUR,,,,"834,613",1.333B,,,Belgie,"Belgie, Europe",,,,EUR,유로,Chris,EURONEXT,2022-05-26
BEL,Belgium,Belgie,UTC+02:00,Europe,715000000000 USD,11492641,서유럽,BEL XBRUAVANTIUM,AVANTIUM,AVANTIUM,AVANTIUM(English: AVANTIUM) is a public company that is listed on EURONEXT BRUSSELS(Belgium).,AVANTIUM(English: AVANTIUM) is a public company that is listed on EURONEXT BRUSSELS(Belgium).,AVANTIUM(English: AVANTIUM) is a public company that is listed on EURONEXT BRUSSELS(Belgium). You can find more information on company's website.,AVANTIUM(English: AVANTIUM) is a public company that is listed on EURONEXT BRUSSELS(Belgium). You can find more information on company's website.,,,,+31 (0)20 586 80 80,+31 (0)20 586 80 85,,https://live.euronext.com/en/product/equities/NL0012047823-XAMS/avantium/avtx/quotes,,,,,,Zekeringstraat 29,Zekeringstraat 29,NL-1014 BV Amsterdam,NL-1014 BV Amsterdam,,,,,Active,Caroline van Reedt-Dortland,Caroline van Reedt-Dortland,CONTACT,CONTACT,AVANTIUM,+31 (0)20 586 80 80,+31 (0)20 586 80 85,,+31 (0)20 586 80 80,2021,,,,,,,,,10.917천 유로,,,-23.921천 유로,,120천 유로,,,,,-24.416천 유로,,,,,,,,,,,,"5520, Chemicals","5520, Chemicals","55201020, Specialty Chemicals","55201020, Specialty Chemicals",nl-BE,Nederlands,Dutch,"XAMS, XBRU",EURONEXT BRUSSELS,EURONEXT BRUSSELS,AVTX,,3.25 EUR,3.33 EUR,3.55 EUR,,6.20 EUR,,,,"402,295",138.136M,,,Belgie,"Belgie, Europe",,,,EUR,유로,Chris,EURONEXT,2022-05-26
BEL,Belgium,Belgie,UTC+02:00,Europe,715000000000 USD,11492641,서유럽,BEL XBRUCANDELA INVEST,CANDELA INVEST,CANDELA INVEST,CANDELA INVEST(English: CANDELA INVEST) is a public company that is listed on EURONEXT BRUSSELS(Belgium). Address: Route de Lennick 451/32,CANDELA INVEST(English: CANDELA INVEST) is a public company that is listed on EURONEXT BRUSSELS(Belgium). Address: Route de Lennick 451/32,CANDELA INVEST(English: CANDELA INVEST) is a public company that is listed on EURONEXT BRUSSELS(Belgium). Their net sales were 7.168K Euros. You can find more information on company's website. Company Address: Route de Lennick 451/32,CANDELA INVEST(English: CANDELA INVEST) is a public company that is listed on EURONEXT BRUSSELS(Belgium). Their net sales were 7.168K Euros. You can find more information on company's website. Company Address: Route de Lennick 451/32,,,,,,cj@vlux.com,https://www.candelainvest.com/,,,,,,Route de Lennick 451/32,Route de Lennick 451/32,"BE-1070 Bruxelles, Bruxelles-Capitale","BE-1070 Bruxelles, Bruxelles-Capitale",,,,,Active,Cyril JOSSET,Cyril JOSSET,CONTACT,CONTACT,CANDELA INVEST,,,cj@vlux.com,,2021,,,,,,,,,7.168천 유로,,,0천 유로,,215천 유로,,,,,-31천 유로,,,,,,,,,,,,"3020, Financial Services","3020, Financial Services","30202000, Diversified Financial Services","30202000, Diversified Financial Services",nl-BE,Nederlands,Dutch,ALXB,EURONEXT BRUSSELS,EURONEXT BRUSSELS,CAND,,3.70 EUR,3.70 EUR,4.98 EUR,,4.98 EUR,,,,444,3.983M,,,Belgie,"Belgie, Europe",,,,EUR,유로,Chris,EURONEXT,2022-05-26
BEL,Belgium,Belgie,UTC+02:00,Europe,715000000000 USD,11492641,서유럽,BEL XBRUAEDIFICA,AEDIFICA,AEDIFICA,AEDIFICA(English: AEDIFICA) is a public company that is listed on EURONEXT BRUSSELS(Belgium). Address: Rue Belliard 40,AEDIFICA(English: AEDIFICA) is a public company that is listed on EURONEXT BRUSSELS(Belgium). Address: Rue Belliard 40,AEDIFICA(English: AEDIFICA) is a public company that is listed on EURONEXT BRUSSELS(Belgium). Their net sales were 232.118K Euros. You can find more information on company's website. Company Address: Rue Belliard 40,AEDIFICA(English: AEDIFICA) is a public company that is listed on EURONEXT BRUSSELS(Belgium). Their net sales were 232.118K Euros. You can find more information on company's website. Company Address: Rue Belliard 40,,,,,,delphine.noirhomme@aedifica.eu,https://aedifica.eu/investors/,,,,,,Rue Belliard 40,Rue Belliard 40,PO Box 11,PO Box 11,,,,,Active,Delphine Noirhomme,Delphine Noirhomme,CONTACT,CONTACT,AEDIFICA,,,delphine.noirhomme@aedifica.eu,,2021,,,,,,,,,232.118천 유로,,,1.583천 유로,,534천 유로,,,,,6.371천 유로,,,,,,,,,,,,"3510, Real Estate","3510, Real Estate","35102010, Health Care REITs","35102010, Health Care REITs",nl-BE,Nederlands,Dutch,"XBRU, XAMS",EURONEXT BRUSSELS,EURONEXT BRUSSELS,AED,,109.60 EUR,110.30 EUR,115.70 EUR,,127.30 EUR,,,,"5,071,215",3.988B,,,Belgie,"Belgie, Europe",,,,EUR,유로,Chris,EURONEXT,2022-05-26
BEL,Belgium,Belgie,UTC+02:00,Europe,715000000000 USD,11492641,서유럽,BEL XBRUGREENYARD,GREENYARD,GREENYARD,GREENYARD(English: GREENYARD) is a public company that is listed on EURONEXT BRUSSELS(Belgium).,GREENYARD(English: GREENYARD) is a public company that is listed on EURONEXT BRUSSELS(Belgium).,GREENYARD(English: GREENYARD) is a public company that is listed on EURONEXT BRUSSELS(Belgium). You can find more information on company's website.,GREENYARD(English: GREENYARD) ia a public company that is listed on EURONEXT BRUSSELS(Belgium). You can find more information on company's website.,,,,+32 (0)15 32 42 00,,,https://live.euronext.com/en/product/equities/BE0003765790-XBRU/greenyard/green/quotes,,,,,,Strijbroek 10,Strijbroek 10,BE-2860 Sint-Katelijne-Waver,BE-2860 Sint-Katelijne-Waver,,,,,Active,Dennis Duinslaeger,Dennis Duinslaeger,CONTACT,CONTACT,GREENYARD,+32 (0)15 32 42 00,,,+32 (0)15 32 42 00,2020,,,,,,,,,4.416.227천 유로,,,50.978천 유로,,42.319천 유로,,,,,1.202천 유로,,,,,,,,,,,,"4510, Food, Beverage and Tobacco","4510, Food, Beverage and Tobacco","45102020, Food Products","45102020, Food Products",nl-BE,Nederlands,Dutch,XBRU,EURONEXT BRUSSELS,EURONEXT BRUSSELS,GREEN,,7.60 EUR,7.79 EUR,8.08 EUR,,10.50 EUR,,,,"10,625",391.517M,,,Belgie,"Belgie, Europe",,,,EUR,유로,Chris,EURONEXT,2022-05-26
BEL,Belgium,Belgie,UTC+02:00,Europe,715000000000 USD,11492641,서유럽,BEL XBRUBEKAERT,BEKAERT,BEKAERT,BEKAERT(English: BEKAERT) is a public company that is listed on EURONEXT BRUSSELS(Belgium).,BEKAERT(English: BEKAERT) is a public company that is listed on EURONEXT BRUSSELS(Belgium).,BEKAERT(English: BEKAERT) is a public company that is listed on EURONEXT BRUSSELS(Belgium). You can find more information on company's website.,BEKAERT(English: BEKAERT) is a public company that is listed on EURONEXT BRUSSELS(Belgium). You can find more information on company's website.,,,,+32 56 76 61 00,+32 56 766 102,,https://live.euronext.com/en/product/equities/BE0974258874-XBRU/bekaert/bekb/quotes,,,,,,Bekaertstraat 2,Bekaertstraat 2,"BE-8550 Zwevegem, West-Vlaanderen","BE-8550 Zwevegem, West-Vlaanderen",,,,,Active,Elizabeth O&#039;Reilly,Elizabeth O&#039;Reilly,CONTACT,CONTACT,BEKAERT,+32 56 76 61 00,+32 56 766 102,,+32 56 76 61 00,2021,,,,,,,,,4.839.659천 유로,,,513.086천 유로,,41.220천 유로,,,,,450.620천 유로,,,,,,,,,,,,"5510, Basic Resources","5510, Basic Resources","55102010, Iron and Steel","55102010, Iron and Steel",nl-BE,Nederlands,Dutch,XBRU,EURONEXT BRUSSELS,EURONEXT BRUSSELS,BEKB,,37.90 EUR,37.96 EUR,37.96 EUR,,45.60 EUR,,,,"2,095,451",2.291B,,,Belgie,"Belgie, Europe",,,,EUR,유로,Chris,EURONEXT,2022-05-26
BEL,Belgium,Belgie,UTC+02:00,Europe,715000000000 USD,11492641,서유럽,BEL XBRUARGENX SE,ARGENX SE,ARGENX SE,ARGENX SE(English: ARGENX SE) is a public company that is listed on EURONEXT BRUSSELS(Belgium). Address: Willemstraat 5,ARGENX SE(English: ARGENX SE) is a public company that is listed on EURONEXT BRUSSELS(Belgium). Address: Willemstraat 5,ARGENX SE(English: ARGENX SE) is a public company that is listed on EURONEXT BRUSSELS(Belgium). Their net sales were 439.135K Euros. You can find more information on company's website. Company Address: Willemstraat 5,ARGENX SE(English: ARGENX SE) is a public company that is listed on EURONEXT BRUSSELS(Belgium). Their net sales were 439.135K Euros. You can find more information on company's website. Company Address: Willemstraat 5,,,,,,info@argen-x.com,https://www.argenx.com/investors,,,,,,Willemstraat 5,Willemstraat 5,NL-4811 AH Breda,NL-4811 AH Breda,,,,,Active,Eric Castaldi,Eric Castaldi,CONTACT,CONTACT,ARGENX SE,,,info@argen-x.com,,2021,,,,,,,,,439.135천 유로,,,-307.971천 유로,,-3.081천 유로,,,,,-360.531천 유로,,,,,,,,,,,,"2010, Health Care","2010, Health Care","20103010, Biotechnology","20103010, Biotechnology",nl-BE,Nederlands,Dutch,XBRU,EURONEXT BRUSSELS,EURONEXT BRUSSELS,ARGX,,300.30 EUR,309.30 EUR,310.00 EUR,,320.00 EUR,,,,"15,227,111",16.102B,,,Belgie,"Belgie, Europe",,,,EUR,유로,Chris,EURONEXT,2022-05-26
BEL,Belgium,Belgie,UTC+02:00,Europe,715000000000 USD,11492641,서유럽,BEL XBRUCARE PROPERTY INVEST,CARE PROPERTY INVEST,CARE PROPERTY INVEST,CARE PROPERTY INVEST(English: CARE PROPERTY INVEST) is a public company that is listed on EURONEXT BRUSSELS(Belgium). Address: Horstebaan 3,CARE PROPERTY INVEST(English: CARE PROPERTY INVEST) is a public company that is listed on EURONEXT BRUSSELS(Belgium). Address: Horstebaan 3,CARE PROPERTY INVEST(English: CARE PROPERTY INVEST) is a public company that is listed on EURONEXT BRUSSELS(Belgium). Their net sales were 43.234K Euros. You can find more information on company's website. Company Address: Horstebaan 3,CARE PROPERTY INVEST(English: CARE PROPERTY INVEST) is a public company that is listed on EURONEXT BRUSSELS(Belgium). Their net sales were 43.234K Euros. You can find more information on company's website. Company Address: Horstebaan 3,,,,,,Filip.VanZeebroeck@carepropertyinvest.be,https://carepropertyinvest.be/investeren,,,,,,Horstebaan 3,Horstebaan 3,"BE-2900 Schoten, Antwerpen","BE-2900 Schoten, Antwerpen",,,,,Active,Filip Van Zeebroeck,Filip Van Zeebroeck,CONTACT,CONTACT,CARE PROPERTY INVEST,,,Filip.VanZeebroeck@carepropertyinvest.be,,2021,,,,,,,,,43.234천 유로,,,,,,,,,,,,,,,,,,,,,,"3510, Real Estate","3510, Real Estate","35102040, Residential REITs","35102040, Residential REITs",nl-BE,Nederlands,Dutch,XBRU,EURONEXT BRUSSELS,EURONEXT BRUSSELS,CPINV,,24.20 EUR,24.85 EUR,24.85 EUR,,28.80 EUR,,,,"128,931",651.733M,,,Belgie,"Belgie, Europe",,,,EUR,유로,Chris,EURONEXT,2022-05-26
BEL,Belgium,Belgie,UTC+02:00,Europe,715000000000 USD,11492641,서유럽,BEL XBRUGBL,GBL,GBL,GBL(English: GBL) is a public company that is listed on EURONEXT BRUSSELS(Belgium).,GBL(English: GBL) is a public company that is listed on EURONEXT BRUSSELS(Belgium).,GBL(English: GBL) is a public company that is listed on EURONEXT BRUSSELS(Belgium). You can find more information on company's website.,GBL(English: GBL) ia a public company that is listed on EURONEXT BRUSSELS(Belgium). You can find more information on company's website.,,,,+32 2 289 17 17,+32 2 289 17 37,,https://live.euronext.com/en/product/equities/BE0003797140-XBRU/gbl/gblb/quotes,,,,,,Avenue Marnix 24,Avenue Marnix 24,"BE-1000 Bruxelles, Bruxelles-Capitale","BE-1000 Bruxelles, Bruxelles-Capitale",,,,,Active,Hans DHaese,Hans DHaese,CONTACT,CONTACT,GBL,+32 2 289 17 17,+32 2 289 17 37,,+32 2 289 17 17,2021,,,,,,,,,504.900천 유로,,,6.961.200천 유로,,,,,,,705.800천 유로,,,,,,,,,,,,"3020, Financial Services","3020, Financial Services","30202000, Diversified Financial Services","30202000, Diversified Financial Services",nl-BE,Nederlands,Dutch,XBRU,EURONEXT BRUSSELS,EURONEXT BRUSSELS,GBLB,,86.92 EUR,87.14 EUR,91.10 EUR,,105.05 EUR,,,,"13,621,849",13.299B,,,Belgie,"Belgie, Europe",,,,EUR,유로,Chris,EURONEXT,2022-05-26
BEL,Belgium,Belgie,UTC+02:00,Europe,715000000000 USD,11492641,서유럽,BEL XBRUACCENTIS,ACCENTIS,ACCENTIS,ACCENTIS(English: ACCENTIS) is a public company that is listed on EURONEXT BRUSSELS(Belgium). Address: Noorderlaan 139,ACCENTIS(English: ACCENTIS) is a public company that is listed on EURONEXT BRUSSELS(Belgium). Address: Noorderlaan 139,ACCENTIS(English: ACCENTIS) is a public company that is listed on EURONEXT BRUSSELS(Belgium). Their net sales were 13.584K Euros. You can find more information on company's website. Company Address: Noorderlaan 139,ACCENTIS(English: ACCENTIS) is a public company that is listed on EURONEXT BRUSSELS(Belgium). Their net sales were 13.584K Euros. You can find more information on company's website. Company Address: Noorderlaan 139,,,,,,investor.relations@accentis.com,https://accentis.com/investor-relations/,,,,,,Noorderlaan 139,Noorderlaan 139,"BE-2030 Antwerpen, Antwerpen","BE-2030 Antwerpen, Antwerpen",,,,,Active,Investor Relations,Investor Relations,CONTACT,CONTACT,ACCENTIS,,,investor.relations@accentis.com,,2021,,,,,,,,,13.584천 유로,,,18.569천 유로,,1.368천 유로,,,,,17.038천 유로,,,,,,,,,,,,"3510, Real Estate","3510, Real Estate","35101010, Real Estate Holding and Development","35101010, Real Estate Holding and Development",nl-BE,Nederlands,Dutch,XBRU,EURONEXT BRUSSELS,EURONEXT BRUSSELS,ACCB,,0.069 EUR,0.07 EUR,0.072 EUR,,0.078 EUR,,,,"15,614",87.137M,,,Belgie,"Belgie, Europe",,,,EUR,유로,Chris,EURONEXT,2022-05-26
BEL,Belgium,Belgie,UTC+02:00,Europe,715000000000 USD,11492641,서유럽,BEL XBRUION BEAM APPLICATIONS,ION BEAM APPLICATIONS,ION BEAM APPLICATIONS,ION BEAM APPLICATIONS(English: ION BEAM APPLICATIONS) is a public company that is listed on EURONEXT BRUSSELS(Belgium).,ION BEAM APPLICATIONS(English: ION BEAM APPLICATIONS) is a public company that is listed on EURONEXT BRUSSELS(Belgium).,ION BEAM APPLICATIONS(English: ION BEAM APPLICATIONS) is a public company that is listed on EURONEXT BRUSSELS(Belgium). You can find more information on company's website.,ION BEAM APPLICATIONS(English: ION BEAM APPLICATIONS) ia a public company that is listed on EURONEXT BRUSSELS(Belgium). You can find more information on company's website.,,,,+32 10 47 58 11,+32 10 47 58 10,,https://live.euronext.com/en/product/equities/BE0003766806-XBRU/iba/ibab/quotes,,,,,,Chemin du Cyclotron 3,Chemin du Cyclotron 3,"BE-1348 Louvain-la-Neuve, Brabant wallon","BE-1348 Louvain-la-Neuve, Brabant wallon",,,,,Active,Jean-Marc Bothy,Jean-Marc Bothy,CONTACT,CONTACT,ION BEAM APPLICATIONS,+32 10 47 58 11,+32 10 47 58 10,,+32 10 47 58 11,2021,,,,,,,,,312.964천 유로,,,13.472천 유로,,2.025천 유로,,,,,3.879천 유로,,,,,,,,,,,,"2010, Health Care","2010, Health Care","20102010, Medical Equipment","20102010, Medical Equipment",nl-BE,Nederlands,Dutch,XBRU,EURONEXT BRUSSELS,EURONEXT BRUSSELS,IBAB,,15.74 EUR,16.36 EUR,16.50 EUR,,20.45 EUR,,,,"126,314",475.643M,,,Belgie,"Belgie, Europe",,,,EUR,유로,Chris,EURONEXT,2022-05-26
BEL,Belgium,Belgie,UTC+02:00,Europe,715000000000 USD,11492641,서유럽,BEL XBRUCAMPINE,CAMPINE,CAMPINE,CAMPINE(English: CAMPINE) is a public company that is listed on EURONEXT BRUSSELS(Belgium).,CAMPINE(English: CAMPINE) is a public company that is listed on EURONEXT BRUSSELS(Belgium).,CAMPINE(English: CAMPINE) is a public company that is listed on EURONEXT BRUSSELS(Belgium). You can find more information on company's website.,CAMPINE(English: CAMPINE) is a public company that is listed on EURONEXT BRUSSELS(Belgium). You can find more information on company's website.,,,,+32 (0) 14 60 15 11,+32 (0) 14 61 29 85,,https://live.euronext.com/en/product/equities/BE0003825420-XBRU/campine/camb/quotes,,,,,,Nijverheidsstraat 2,Nijverheidsstraat 2,"BE-2340 Beerse, Antwerpen","BE-2340 Beerse, Antwerpen",,,,,Active,karin leysen,karin leysen,CONTACT,CONTACT,CAMPINE,+32 (0) 14 60 15 11,+32 (0) 14 61 29 85,,+32 (0) 14 60 15 11,2021,,,,,,,,,226.317천 유로,,,19.097천 유로,,346천 유로,,,,,13.511천 유로,,,,,,,,,,,,"5520, Chemicals","5520, Chemicals","55201020, Specialty Chemicals","55201020, Specialty Chemicals",nl-BE,Nederlands,Dutch,XBRU,EURONEXT BRUSSELS,EURONEXT BRUSSELS,CAMB,,48.20 EUR,48.20 EUR,48.20 EUR,,49.00 EUR,,,,"11,568",72.300M,,,Belgie,"Belgie, Europe",,,,EUR,유로,Chris,EURONEXT,2022-05-26
BEL,Belgium,Belgie,UTC+02:00,Europe,715000000000 USD,11492641,서유럽,BEL XBRUGIMV,GIMV,GIMV,GIMV(English: GIMV) is a public company that is listed on EURONEXT BRUSSELS(Belgium). Address: Karel Oomsstraat 37,GIMV(English: GIMV) is a public company that is listed on EURONEXT BRUSSELS(Belgium). Address: Karel Oomsstraat 37,GIMV(English: GIMV) is a public company that is listed on EURONEXT BRUSSELS(Belgium). Their net sales were K Euros. You can find more information on company's website. Company Address: Karel Oomsstraat 37,GIMV(English: GIMV) is a public company that is listed on EURONEXT BRUSSELS(Belgium). Their net sales were K Euros. You can find more information on company's website. Company Address: Karel Oomsstraat 37,,,,,,kristof.vandecapelle@gimv.com,http://www.gimv.com,,,,,,Karel Oomsstraat 37,Karel Oomsstraat 37,"BE-2018 Antwerpen, Antwerpen","BE-2018 Antwerpen, Antwerpen",,,,,Active,Kristof Vande Capelle,Kristof Vande Capelle,CONTACT,CONTACT,GIMV,,,kristof.vandecapelle@gimv.com,,2020,,,,,,,,,,,,,,,,,,,232.138천 유로,,,,,,,,,,,,"3020, Financial Services","3020, Financial Services","30202010, Asset Managers and Custodians","30202010, Asset Managers and Custodians",nl-BE,Nederlands,Dutch,XBRU,EURONEXT BRUSSELS,EURONEXT BRUSSELS,GIMB,,55.60 EUR,56.30 EUR,56.30 EUR,,58.00 EUR,,,,"417,676",1.482B,,,Belgie,"Belgie, Europe",,,,EUR,유로,Chris,EURONEXT,2022-05-26
BEL,Belgium,Belgie,UTC+02:00,Europe,715000000000 USD,11492641,서유럽,BEL XBRUAB INBEV,AB INBEV,AB INBEV,AB INBEV(English: AB INBEV) is a public company that is listed on EURONEXT BRUSSELS(Belgium).,AB INBEV(English: AB INBEV) is a public company that is listed on EURONEXT BRUSSELS(Belgium).,AB INBEV(English: AB INBEV) is a public company that is listed on EURONEXT BRUSSELS(Belgium). You can find more information on company's website.,AB INBEV(English: AB INBEV) is a public company that is listed on EURONEXT BRUSSELS(Belgium). You can find more information on company's website.,,,,+32 16 276 111,+32 16 506 111,,https://live.euronext.com/en/product/equities/BE0974293251-XBRU/ab-inbev/abi/quotes,,,,,,Brouwerijplein 1,Brouwerijplein 1,"BE-3000 Leuven, Vlaams-Brabant","BE-3000 Leuven, Vlaams-Brabant",,,,,Active,Lauren abbott,Lauren abbott,CONTACT,CONTACT,AB INBEV,+32 16 276 111,+32 16 506 111,,+32 16 276 111,2021,,,,,,,,,47.954.786천 유로,,,12.207.700천 유로,,5.129.813천 유로,,,,,5.399.152천 유로,,,,,,,,,,,,"4510, Food, Beverage and Tobacco","4510, Food, Beverage and Tobacco","45101010, Brewers","45101010, Brewers",nl-BE,Nederlands,Dutch,XBRU,EURONEXT BRUSSELS,EURONEXT BRUSSELS,ABI,,52.87 EUR,53.10 EUR,56.04 EUR,,65.86 EUR,,,,"67,537,762",91.845B,,,Belgie,"Belgie, Europe",,,,EUR,유로,Chris,EURONEXT,2022-05-26
BEL,Belgium,Belgie,UTC+02:00,Europe,715000000000 USD,11492641,서유럽,BEL XBRUAPERAM,APERAM,APERAM,APERAM(English: APERAM) is a public company that is listed on EURONEXT BRUSSELS(Belgium). Address: 24-26 Boulevard d'Avranches,APERAM(English: APERAM) is a public company that is listed on EURONEXT BRUSSELS(Belgium). Address: 24-26 Boulevard d'Avranches,APERAM(English: APERAM) is a public company that is listed on EURONEXT BRUSSELS(Belgium). Their net sales were 5.102.000K Euros. You can find more information on company's website. Company Address: 24-26 Boulevard d'Avranches,APERAM(English: APERAM) is a public company that is listed on EURONEXT BRUSSELS(Belgium). Their net sales were 5.102.000K Euros. You can find more information on company's website. Company Address: 24-26 Boulevard d'Avranches,,,,,,laurent.beauloye@aperam.com,https://www.aperam.com/,,,,,,24-26 Boulevard d'Avranches,24-26 Boulevard d'Avranches,LU-1160 Luxemburg,LU-1160 Luxemburg,,,,,Active,Laurent Beauloye,Laurent Beauloye,CONTACT,CONTACT,APERAM,,,laurent.beauloye@aperam.com,,2021,,,,,,,,,5.102.000천 유로,,,1.042.000천 유로,,4.000천 유로,,,,,969.000천 유로,,,,,,,,,,,,"5510, Basic Resources","5510, Basic Resources","55102010, Iron and Steel","55102010, Iron and Steel",nl-BE,Nederlands,Dutch,"XAMS, XBRU, XPAR",EURONEXT BRUSSELS,EURONEXT BRUSSELS,APAM,,38.14 EUR,38.37 EUR,38.37 EUR,,56.10 EUR,,,,"7,367,853",3.051B,,,Belgie,"Belgie, Europe",,,,EUR,유로,Chris,EURONEXT,2022-05-26
BEL,Belgium,Belgie,UTC+02:00,Europe,715000000000 USD,11492641,서유럽,BEL XBRUBANIMMO A,BANIMMO A,BANIMMO A,BANIMMO A(English: BANIMMO A) is a public company that is listed on EURONEXT BRUSSELS(Belgium). Address: Boulevard Bischoffsheim 33,BANIMMO A(English: BANIMMO A) is a public company that is listed on EURONEXT BRUSSELS(Belgium). Address: Boulevard Bischoffsheim 33,BANIMMO A(English: BANIMMO A) is a public company that is listed on EURONEXT BRUSSELS(Belgium). Their net sales were 3.146K Euros. You can find more information on company's website. Company Address: Boulevard Bischoffsheim 33,BANIMMO A(English: BANIMMO A) is a public company that is listed on EURONEXT BRUSSELS(Belgium). Their net sales were 3.146K Euros. You can find more information on company's website. Company Address: Boulevard Bischoffsheim 33,,,,,,info@banimmo.be,https://www.banimmo.be/investors,,,,,,Boulevard Bischoffsheim 33,Boulevard Bischoffsheim 33,"BE-1000 Bruxelles, Bruxelles-Capitale","BE-1000 Bruxelles, Bruxelles-Capitale",,,,,Active,Laurent Calonne,Laurent Calonne,CONTACT,CONTACT,BANIMMO A,,,info@banimmo.be,,2021,,,,,,,,,3.146천 유로,,,493천 유로,,-64.616천 유로,,,,,197천 유로,,,,,,,,,,,,"3510, Real Estate","3510, Real Estate","35101010, Real Estate Holding and Development","35101010, Real Estate Holding and Development",nl-BE,Nederlands,Dutch,XBRU,EURONEXT BRUSSELS,EURONEXT BRUSSELS,BANI,,4.42 EUR,4.48 EUR,4.54 EUR,,4.56 EUR,,,,"1,087",50.196M,,,Belgie,"Belgie, Europe",,,,EUR,유로,Chris,EURONEXT,2022-05-26
BEL,Belgium,Belgie,UTC+02:00,Europe,715000000000 USD,11492641,서유럽,BEL XBRUBanco Santander,Banco Santander,Banco Santander,Banco Santander(English: Banco Santander) is a public company that is listed on EURONEXT BRUSSELS(Belgium). Address: Santader Group City Avenida de Cantabria,Banco Santander(English: Banco Santander) is a public company that is listed on EURONEXT BRUSSELS(Belgium). Address: Santader Group City Avenida de Cantabria,Banco Santander(English: Banco Santander) is a public company that is listed on EURONEXT BRUSSELS(Belgium). Their net sales were 46.404.000K Euros. You can find more information on company's website. Company Address: Santader Group City Avenida de Cantabria,Banco Santander(English: Banco Santander) is a public company that is listed on EURONEXT BRUSSELS(Belgium). Their net sales were 46.404.000K Euros. You can find more information on company's website. Company Address: Santader Group City Avenida de Cantabria,,,,,,j.caeiro@santander.pt,http://www.santander.com,,,,,,Santader Group City Avenida de Cantabria,Santader Group City Avenida de Cantabria,"ES-28660 Boadilla del Monte, Madrid","ES-28660 Boadilla del Monte, Madrid",,,,,Active,Manuel Preto,Manuel Preto,CONTACT,CONTACT,Banco Santander,,,j.caeiro@santander.pt,,2021,,,,,,,,,46.404.000천 유로,,,24.989.000천 유로,,-10.452.000천 유로,,,,,14.547.000천 유로,,,,,,,,,,,,"3010, Banks","3010, Banks","30101010, Banks","30101010, Banks",nl-BE,Nederlands,Dutch,TNLB,EURONEXT BRUSSELS,EURONEXT BRUSSELS,SANTA,,3.0095 EUR,3.04 EUR,3.04 EUR,,3.518 EUR,,,,"20,912",48.562B,,,Belgie,"Belgie, Europe",,,,EUR,유로,Chris,EURONEXT,2022-05-26
BEL,Belgium,Belgie,UTC+02:00,Europe,715000000000 USD,11492641,서유럽,BEL XBRUBALTA GROUP,BALTA GROUP,BALTA GROUP,BALTA GROUP(English: BALTA GROUP) is a public company that is listed on EURONEXT BRUSSELS(Belgium). Address: Street Franklin Rooseveltlaan 172,BALTA GROUP(English: BALTA GROUP) is a public company that is listed on EURONEXT BRUSSELS(Belgium). Address: Street Franklin Rooseveltlaan 172,BALTA GROUP(English: BALTA GROUP) is a public company that is listed on EURONEXT BRUSSELS(Belgium). Their net sales were 276.814K Euros. You can find more information on company's website. Company Address: Street Franklin Rooseveltlaan 172,BALTA GROUP(English: BALTA GROUP) is a public company that is listed on EURONEXT BRUSSELS(Belgium). Their net sales were 276.814K Euros. You can find more information on company's website. Company Address: Street Franklin Rooseveltlaan 172,,,,,,,https://www.baltainvestors.com/en/,,,,,,Street Franklin Rooseveltlaan 172,Street Franklin Rooseveltlaan 172,"BE-8790 Waregem, Oost-Vlaanderen","BE-8790 Waregem, Oost-Vlaanderen",,,,,Active,Margo Desmedt,Margo Desmedt,CONTACT,CONTACT,BALTA GROUP,,,,,2021,,,,,,,,,276.814천 유로,,,19.941천 유로,,27.179천 유로,,,,,-129.238천 유로,,,,,,,,,,,,"4020, Consumer Products and Services","4020, Consumer Products and Services","40202015, Household Furnishings","40202015, Household Furnishings",nl-BE,Nederlands,Dutch,XBRU,EURONEXT BRUSSELS,EURONEXT BRUSSELS,BALTA,,2.60 EUR,2.81 EUR,3.36 EUR,,3.95 EUR,,,,"2,859",93.453M,,,Belgie,"Belgie, Europe",,,,EUR,유로,Chris,EURONEXT,2022-05-26
BEL,Belgium,Belgie,UTC+02:00,Europe,715000000000 USD,11492641,서유럽,BEL XBRUBIOCARTIS,BIOCARTIS,BIOCARTIS,BIOCARTIS(English: BIOCARTIS) is a public company that is listed on EURONEXT BRUSSELS(Belgium).,BIOCARTIS(English: BIOCARTIS) is a public company that is listed on EURONEXT BRUSSELS(Belgium).,BIOCARTIS(English: BIOCARTIS) is a public company that is listed on EURONEXT BRUSSELS(Belgium). You can find more information on company's website.,BIOCARTIS(English: BIOCARTIS) is a public company that is listed on EURONEXT BRUSSELS(Belgium). You can find more information on company's website.,,,,+32 15 632 600,,,https://live.euronext.com/en/product/equities/BE0974281132-XBRU/biocartis/bcart/quotes,,,,,,Generaal De Wittelaan 11B,Generaal De Wittelaan 11B,"BE-2800 Mechelen, Antwerpen","BE-2800 Mechelen, Antwerpen",,,,,Active,Renate Degrave,Renate Degrave,CONTACT,CONTACT,BIOCARTIS,+32 15 632 600,,,+32 15 632 600,2021,,,,,,,,,48.269천 유로,,,-62.645천 유로,,9.320천 유로,,,,,-71.472천 유로,,,,,,,,,,,,"2010, Health Care","2010, Health Care","20101025, Health Care Services","20101025, Health Care Services",nl-BE,Nederlands,Dutch,XBRU,EURONEXT BRUSSELS,EURONEXT BRUSSELS,BCART,,1.91 EUR,2.00 EUR,2.245 EUR,,4.38 EUR,,,,"107,674",109.912M,,,Belgie,"Belgie, Europe",,,,EUR,유로,Chris,EURONEXT,2022-05-26
BEL,Belgium,Belgie,UTC+02:00,Europe,715000000000 USD,11492641,서유럽,BEL XBRUAUDIOVALLEY,AUDIOVALLEY,AUDIOVALLEY,AUDIOVALLEY(English: AUDIOVALLEY) is a public company that is listed on EURONEXT BRUSSELS(Belgium).,AUDIOVALLEY(English: AUDIOVALLEY) is a public company that is listed on EURONEXT BRUSSELS(Belgium).,AUDIOVALLEY(English: AUDIOVALLEY) is a public company that is listed on EURONEXT BRUSSELS(Belgium). You can find more information on company's website.,AUDIOVALLEY(English: AUDIOVALLEY) is a public company that is listed on EURONEXT BRUSSELS(Belgium). You can find more information on company's website.,,,,+32 2 466 31 60,,,https://live.euronext.com/en/product/equities/BE0974334667-ALXP/audiovalley/alavy/quotes,,,,,,Route de Lennik 451,Route de Lennik 451,"BE-1070 Bruxelles, Bruxelles-Capitale","BE-1070 Bruxelles, Bruxelles-Capitale",,,,,Active,Sebastien Veldeman,Sebastien Veldeman,CONTACT,CONTACT,AUDIOVALLEY,+32 2 466 31 60,,,+32 2 466 31 60,2021,,,,,,,,,28.305천 유로,,,-4.660천 유로,,2.704천 유로,,,,,-6.436천 유로,,,,,,,,,,,,"4020, Consumer Products and Services","4020, Consumer Products and Services","40203040, Electronic Entertainment","40203040, Electronic Entertainment",nl-BE,Nederlands,Dutch,"ALXP, ALXB",EURONEXT BRUSSELS,EURONEXT BRUSSELS,ALAVY,,1.48 EUR,1.62 EUR,2.14 EUR,,3.98 EUR,,,,"1,887",19.301M,,,Belgie,"Belgie, Europe",,,,EUR,유로,Chris,EURONEXT,2022-05-26
BEL,Belgium,Belgie,UTC+02:00,Europe,715000000000 USD,11492641,서유럽,BEL XBRUHOME INVEST BELGIUM,HOME INVEST BELGIUM,HOME INVEST BELGIUM,HOME INVEST BELGIUM(English: HOME INVEST BELGIUM) is a public company that is listed on EURONEXT BRUSSELS(Belgium). Address: Boulevard de la Woluwe 46/11,HOME INVEST BELGIUM(English: HOME INVEST BELGIUM) is a public company that is listed on EURONEXT BRUSSELS(Belgium). Address: Boulevard de la Woluwe 46/11,HOME INVEST BELGIUM(English: HOME INVEST BELGIUM) is a public company that is listed on EURONEXT BRUSSELS(Belgium). Their net sales were 27.535K Euros. You can find more information on company's website. Company Address: Boulevard de la Woluwe 46/11,HOME INVEST BELGIUM(English: HOME INVEST BELGIUM) is a public company that is listed on EURONEXT BRUSSELS(Belgium). Their net sales were 27.535K Euros. You can find more information on company's website. Company Address: Boulevard de la Woluwe 46/11,,,,,,investors@homeinvest.be,http://www.homeinvestbelgium.be,,,,,,Boulevard de la Woluwe 46/11,Boulevard de la Woluwe 46/11,"BE-1200 Bruxelles, Bruxelles-Capitale","BE-1200 Bruxelles, Bruxelles-Capitale",,,,,Active,Sven Janssens,Sven Janssens,CONTACT,CONTACT,HOME INVEST BELGIUM,,,investors@homeinvest.be,,2021,,,,,,,,,27.535천 유로,,,2.192천 유로,,431천 유로,,,,,2.245천 유로,,,,,,,,,,,,"3510, Real Estate","3510, Real Estate","35102040, Residential REITs","35102040, Residential REITs",nl-BE,Nederlands,Dutch,XBRU,EURONEXT BRUSSELS,EURONEXT BRUSSELS,HOMI,,120.00 EUR,121.50 EUR,122.50 EUR,,126.00 EUR,,,,"24,664",395.983M,,,Belgie,"Belgie, Europe",,,,EUR,유로,Chris,EURONEXT,2022-05-26
BEL,Belgium,Belgie,UTC+02:00,Europe,715000000000 USD,11492641,서유럽,BEL XBRUAGEAS,AGEAS,AGEAS,AGEAS(English: AGEAS) is a public company that is listed on EURONEXT BRUSSELS(Belgium). Address: Rue du Marquis 1,AGEAS(English: AGEAS) is a public company that is listed on EURONEXT BRUSSELS(Belgium). Address: Rue du Marquis 1,AGEAS(English: AGEAS) is a public company that is listed on EURONEXT BRUSSELS(Belgium). Their net sales were 8.979.000K Euros. You can find more information on company's website. Company Address: Rue du Marquis 1,AGEAS(English: AGEAS) is a public company that is listed on EURONEXT BRUSSELS(Belgium). Their net sales were 8.979.000K Euros. You can find more information on company's website. Company Address: Rue du Marquis 1,,,,,,veerle.verbessem@ageas.com,https://www.ageas.com/investors/investors-home,,,,,,Rue du Marquis 1,Rue du Marquis 1,"BE-1000 Bruxelles, Bruxelles-Capitale","BE-1000 Bruxelles, Bruxelles-Capitale",,,,,Active,Veerle Verbessem,Veerle Verbessem,CONTACT,CONTACT,AGEAS,,,veerle.verbessem@ageas.com,,2021,,,,,,,,,8.979.000천 유로,,,4.027.000천 유로,,13.309.000천 유로,,,,,,,,,,,,,,,,,"3030, Insurance","3030, Insurance","30301010, Life Insurance","30301010, Life Insurance",nl-BE,Nederlands,Dutch,XBRU,EURONEXT BRUSSELS,EURONEXT BRUSSELS,AGS,,46.62 EUR,46.62 EUR,46.70 EUR,,53.90 EUR,,,,"17,433,386",8.845B,,,Belgie,"Belgie, Europe",,,,EUR,유로,Chris,EURONEXT,2022-05-26
BEL,Belgium,Belgie,UTC+02:00,Europe,715000000000 USD,11492641,서유럽,BEL XBRUAGFA-GEVAERT,AGFA-GEVAERT,AGFA-GEVAERT,AGFA-GEVAERT(English: AGFA-GEVAERT) is a public company that is listed on EURONEXT BRUSSELS(Belgium).,AGFA-GEVAERT(English: AGFA-GEVAERT) is a public company that is listed on EURONEXT BRUSSELS(Belgium).,AGFA-GEVAERT(English: AGFA-GEVAERT) is a public company that is listed on EURONEXT BRUSSELS(Belgium). You can find more information on company's website.,AGFA-GEVAERT(English: AGFA-GEVAERT) is a public company that is listed on EURONEXT BRUSSELS(Belgium). You can find more information on company's website.,,,,+32 (0)3 444 7124,+32 (0)3 444 4485,,https://live.euronext.com/en/product/equities/BE0003755692-XBRU/agfa-gevaert/agfb/quotes,,,,,,Septestraat 27,Septestraat 27,"BE-2640 Mortsel, Antwerpen","BE-2640 Mortsel, Antwerpen",,,,,Active,Viviane Dictus,Viviane Dictus,CONTACT,CONTACT,AGFA-GEVAERT,+32 (0)3 444 7124,+32 (0)3 444 4485,,+32 (0)3 444 7124,2021,,,,,,,,,1.760.000천 유로,,,9.000천 유로,,1.000천 유로,,,,,-13.000천 유로,,,,,,,,,,,,"5020, Industrial Goods and Services","5020, Industrial Goods and Services","50202025, Electronic Equipment: Gauges and Meters","50202025, Electronic Equipment: Gauges and Meters",nl-BE,Nederlands,Dutch,XBRU,EURONEXT BRUSSELS,EURONEXT BRUSSELS,AGFB,,3.96 EUR,4.07 EUR,4.07 EUR,,4.585 EUR,,,,"680,262",626.502M,,,Belgie,"Belgie, Europe",,,,EUR,유로,Chris,EURONEXT,2022-05-26
BEL,Belgium,Belgie,UTC+02:00,Europe,715000000000 USD,11492641,서유럽,BEL XBRUABO GROUP ENVIRONMENT,ABO GROUP ENVIRONMENT,ABO GROUP ENVIRONMENT,ABO GROUP ENVIRONMENT(English: ABO GROUP ENVIRONMENT) is a public company that is listed on EURONEXT BRUSSELS(Belgium).,ABO GROUP ENVIRONMENT(English: ABO GROUP ENVIRONMENT) is a public company that is listed on EURONEXT BRUSSELS(Belgium).,ABO GROUP ENVIRONMENT(English: ABO GROUP ENVIRONMENT) is a public company that is listed on EURONEXT BRUSSELS(Belgium). You can find more information on company's website.,ABO GROUP ENVIRONMENT(English: ABO GROUP ENVIRONMENT) is a public company that is listed on EURONEXT BRUSSELS(Belgium). You can find more information on company's website.,,,,+32 (0)9 242 88 66,+32 (0)9 245 23 51,,https://live.euronext.com/en/product/equities/BE0974278104-XBRU/abo-group/abo/quotes,,,,,,Blok G Derbystraat 255,Blok G Derbystraat 255,"BE-9051 Gent, Oost-Vlaanderen","BE-9051 Gent, Oost-Vlaanderen",,,,,Active,,,CONTACT,CONTACT,ABO GROUP ENVIRONMENT,+32 (0)9 242 88 66,+32 (0)9 245 23 51,,+32 (0)9 242 88 66,2021,,,,,,,,,63.068천 유로,,,3.145천 유로,,387천 유로,,,,,2.063천 유로,,,,,,,,,,,,"5010, Construction and Materials","5010, Construction and Materials","50101015, Engineering and Contracting Services","50101015, Engineering and Contracting Services",nl-BE,Nederlands,Dutch,"XBRU, XPAR",EURONEXT BRUSSELS,EURONEXT BRUSSELS,ABO,,5.15 EUR,5.15 EUR,5.45 EUR,,6.50 EUR,,,,515,54.429M,,,Belgie,"Belgie, Europe",,,,EUR,유로,Chris,EURONEXT,2022-05-26
BEL,Belgium,Belgie,UTC+02:00,Europe,715000000000 USD,11492641,서유럽,BEL XBRUBEAULIEU-AV. CERT,BEAULIEU-AV. CERT,BEAULIEU-AV. CERT,BEAULIEU-AV. CERT(English: BEAULIEU-AV. CERT) is a public company that is listed on EURONEXT BRUSSELS(Belgium). Address: Havenlaan 2,BEAULIEU-AV. CERT(English: BEAULIEU-AV. CERT) is a public company that is listed on EURONEXT BRUSSELS(Belgium). Address: Havenlaan 2,BEAULIEU-AV. CERT(English: BEAULIEU-AV. CERT) is a public company that is listed on EURONEXT BRUSSELS(Belgium). Their net sales were 6.190K Euros. You can find more information on company's website. Company Address: Havenlaan 2,BEAULIEU-AV. CERT(English: BEAULIEU-AV. CERT) is a public company that is listed on EURONEXT BRUSSELS(Belgium). Their net sales were 6.190K Euros. You can find more information on company's website. Company Address: Havenlaan 2,,,,,,,https://live.euronext.com/en/product/equities/BE0003661726-XBRU/beaulieu-av-cert/beab/quotes,,,,,,Havenlaan 2,Havenlaan 2,"BE-1080 Bruxelles, Bruxelles-Capitale","BE-1080 Bruxelles, Bruxelles-Capitale",,,,,Active,,,CONTACT,CONTACT,BEAULIEU-AV. CERT,,,,,2018,,,,,,,,,6.190천 유로,,,,,6.079천 유로,,,,,128천 유로,,,,,,,,,,,,"3020, Financial Services","3020, Financial Services","30205000, Open End and Miscellaneous Investment Vehicles","30205000, Open End and Miscellaneous Investment Vehicles",nl-BE,Nederlands,Dutch,XBRU,EURONEXT BRUSSELS,EURONEXT BRUSSELS,BEAB,,5.20 EUR,6.20 EUR,6.20 EUR,,11.00 EUR,,,,52,1.830M,,,Belgie,"Belgie, Europe",,,,EUR,유로,Chris,EURONEXT,2022-05-26
BEL,Belgium,Belgie,UTC+02:00,Europe,715000000000 USD,11492641,서유럽,BEL XBRUIEP INVEST,IEP INVEST,IEP INVEST,IEP INVEST(English: IEP INVEST) is a public company that is listed on EURONEXT BRUSSELS(Belgium). Address: Noorderlaan 139,IEP INVEST(English: IEP INVEST) is a public company that is listed on EURONEXT BRUSSELS(Belgium). Address: Noorderlaan 139,IEP INVEST(English: IEP INVEST) is a public company that is listed on EURONEXT BRUSSELS(Belgium). Their net sales were 13.584K Euros. You can find more information on company's website. Company Address: Noorderlaan 139,IEP INVEST(English: IEP INVEST) is a public company that is listed on EURONEXT BRUSSELS(Belgium). Their net sales were 13.584K Euros. You can find more information on company's website. Company Address: Noorderlaan 139,,,,,,,http://www.iepinvest.be,,,,,,Noorderlaan 139,Noorderlaan 139,"BE-2030 Antwerpen, Antwerpen","BE-2030 Antwerpen, Antwerpen",,,,,Active,,,CONTACT,CONTACT,IEP INVEST,,,,,2021,,,,,,,,,13.584천 유로,,,18.159천 유로,,-540천 유로,,,,,16.447천 유로,,,,,,,,,,,,"3510, Real Estate","3510, Real Estate","35101010, Real Estate Holding and Development","35101010, Real Estate Holding and Development",nl-BE,Nederlands,Dutch,XBRU,EURONEXT BRUSSELS,EURONEXT BRUSSELS,IEP,,11.00 EUR,11.00 EUR,11.00 EUR,,11.00 EUR,,,,"42,235",100.880M,,,Belgie,"Belgie, Europe",,,,EUR,유로,Chris,EURONEXT,2022-05-26
BEL,Belgium,Belgie,UTC+02:00,Europe,715000000000 USD,11492641,서유럽,BEL XBRUBIOTALYS NV,BIOTALYS NV,BIOTALYS NV,BIOTALYS NV(English: BIOTALYS NV) is a public company that is listed on EURONEXT BRUSSELS(Belgium).,BIOTALYS NV(English: BIOTALYS NV) is a public company that is listed on EURONEXT BRUSSELS(Belgium).,BIOTALYS NV(English: BIOTALYS NV) is a public company that is listed on EURONEXT BRUSSELS(Belgium). You can find more information on company's website.,BIOTALYS NV(English: BIOTALYS NV) is a public company that is listed on EURONEXT BRUSSELS(Belgium). You can find more information on company's website.,,,,+32 (0)9 274 54 00,,,https://live.euronext.com/en/product/equities/BE0974386188-XBRU/biotalys/btls/quotes,,,,,,Buchtenstraat 11,Buchtenstraat 11,"BE-9051 Gent, West-Vlaanderen","BE-9051 Gent, West-Vlaanderen",,,,,Active,,,CONTACT,CONTACT,BIOTALYS NV,+32 (0)9 274 54 00,,,+32 (0)9 274 54 00,2021,,,,,,,,,0천 유로,,,-18.079천 유로,,279천 유로,,,,,-16.929천 유로,,,,,,,,,,,,"5520, Chemicals","5520, Chemicals","55201015, Fertilizers","55201015, Fertilizers",nl-BE,Nederlands,Dutch,XBRU,EURONEXT BRUSSELS,EURONEXT BRUSSELS,BTLS,,7.10 EUR,7.20 EUR,7.40 EUR,,7.98 EUR,,,,"4,151",219.263M,,,Belgie,"Belgie, Europe",,,,EUR,유로,Chris,EURONEXT,2022-05-26
BEL,Belgium,Belgie,UTC+02:00,Europe,715000000000 USD,11492641,서유럽,BEL XBRUACKERMANS V.HAAREN,ACKERMANS V.HAAREN,ACKERMANS V.HAAREN,ACKERMANS V.HAAREN(English: ACKERMANS V.HAAREN) is a public company that is listed on EURONEXT BRUSSELS(Belgium).,ACKERMANS V.HAAREN(English: ACKERMANS V.HAAREN) is a public company that is listed on EURONEXT BRUSSELS(Belgium).,ACKERMANS V.HAAREN(English: ACKERMANS V.HAAREN) is a public company that is listed on EURONEXT BRUSSELS(Belgium). You can find more information on company's website.,ACKERMANS V.HAAREN(English: ACKERMANS V.HAAREN) is a public company that is listed on EURONEXT BRUSSELS(Belgium). You can find more information on company's website.,,,,+32 (0)3 231 87 70,+32 (0)3 225 25 33,,https://live.euronext.com/en/product/equities/BE0003764785-XBRU/ackermans-vhaaren/ackb/quotes,,,,,,Begijnenvest 113,Begijnenvest 113,"BE-2000 Antwerpen, Antwerpen","BE-2000 Antwerpen, Antwerpen",,,,,Active,,,CONTACT,CONTACT,ACKERMANS V.HAAREN,+32 (0)3 231 87 70,+32 (0)3 225 25 33,,+32 (0)3 231 87 70,2020,,,,,,,,,3.910.250천 유로,,,224.063천 유로,,25.839천 유로,,,,,277.614천 유로,,,,,,,,,,,,"3020, Financial Services","3020, Financial Services","30202000, Diversified Financial Services","30202000, Diversified Financial Services",nl-BE,Nederlands,Dutch,XBRU,EURONEXT BRUSSELS,EURONEXT BRUSSELS,ACKB,,159.90 EUR,162.30 EUR,173.20 EUR,,179.20 EUR,,,,"2,680,677",5.356B,,,Belgie,"Belgie, Europe",,,,EUR,유로,Chris,EURONEXT,2022-05-26
BEL,Belgium,Belgie,UTC+02:00,Europe,715000000000 USD,11492641,서유럽,BEL XBRUBQUE NAT. BELGIQUE,BQUE NAT. BELGIQUE,BQUE NAT. BELGIQUE,BQUE NAT. BELGIQUE(English: BQUE NAT. BELGIQUE) is a public company that is listed on EURONEXT BRUSSELS(Belgium). Address: Boulevard de Berlaimont 14,BQUE NAT. BELGIQUE(English: BQUE NAT. BELGIQUE) is a public company that is listed on EURONEXT BRUSSELS(Belgium). Address: Boulevard de Berlaimont 14,BQUE NAT. BELGIQUE(English: BQUE NAT. BELGIQUE) is a public company that is listed on EURONEXT BRUSSELS(Belgium). Their net sales were 2.145.254K Euros. You can find more information on company's website. Company Address: Boulevard de Berlaimont 14,BQUE NAT. BELGIQUE(English: BQUE NAT. BELGIQUE) is a public company that is listed on EURONEXT BRUSSELS(Belgium). Their net sales were 2.145.254K Euros. You can find more information on company's website. Company Address: Boulevard de Berlaimont 14,,,,,,,https://www.nbb.be/fr/la-banque-nationale,,,,,,Boulevard de Berlaimont 14,Boulevard de Berlaimont 14,"BE-1000 Bruxelles, Bruxelles-Capitale","BE-1000 Bruxelles, Bruxelles-Capitale",,,,,Active,,,CONTACT,CONTACT,BQUE NAT. BELGIQUE,,,,,2021,,,,,,,,,2.145.254천 유로,,,862.741천 유로,,395.631천 유로,,,,,355.391천 유로,,,,,,,,,,,,"3010, Banks","3010, Banks","30101010, Banks","30101010, Banks",nl-BE,Nederlands,Dutch,XBRU,EURONEXT BRUSSELS,EURONEXT BRUSSELS,BNB,,"1,670.00 EUR","1,685.00 EUR","1,735.00 EUR",,"1,830.00 EUR",,,,"52,025",668.000M,,,Belgie,"Belgie, Europe",,,,EUR,유로,Chris,EURONEXT,2022-05-26
BEL,Belgium,Belgie,UTC+02:00,Europe,715000000000 USD,11492641,서유럽,BEL XBRUHYBRID SOFTWARE GROUP PLC,HYBRID SOFTWARE GROUP PLC,HYBRID SOFTWARE GROUP PLC,HYBRID SOFTWARE GROUP PLC(English: HYBRID SOFTWARE GROUP PLC) is a public company that is listed on EURONEXT BRUSSELS(Belgium).,HYBRID SOFTWARE GROUP PLC(English: HYBRID SOFTWARE GROUP PLC) is a public company that is listed on EURONEXT BRUSSELS(Belgium).,HYBRID SOFTWARE GROUP PLC(English: HYBRID SOFTWARE GROUP PLC) is a public company that is listed on EURONEXT BRUSSELS(Belgium). You can find more information on company's website.,HYBRID SOFTWARE GROUP PLC(English: HYBRID SOFTWARE GROUP PLC) ia a public company that is listed on EURONEXT BRUSSELS(Belgium). You can find more information on company's website.,,,,,,,https://live.euronext.com/en/product/equities/GB00BYN5BY03-XBRU/hybrid-software-gr/hysg/quotes,,,,,,2030 Cambourne Business Park,2030 Cambourne Business Park,"CB2 36DW Cambridge, Cambridgeshire","CB2 36DW Cambridge, Cambridgeshire",,,,,Active,,,CONTACT,CONTACT,HYBRID SOFTWARE GROUP PLC,,,,,2021,,,,,,,,,48.562천 유로,,,4.770천 유로,,465천 유로,,,,,4.914천 유로,,,,,,,,,,,,"1010, Technology","1010, Technology","10101015, Software","10101015, Software",nl-BE,Nederlands,Dutch,XBRU,EURONEXT BRUSSELS,EURONEXT BRUSSELS,HYSG,,5.48 EUR,5.48 EUR,5.86 EUR,,5.90 EUR,,,,"1,551",64.860M,,,Belgie,"Belgie, Europe",,,,EUR,유로,Chris,EURONEXT,2022-05-26
BEL,Belgium,Belgie,UTC+02:00,Europe,715000000000 USD,11492641,서유럽,BEL XBRUACACIA PHARMA,ACACIA PHARMA,ACACIA PHARMA,ACACIA PHARMA(English: ACACIA PHARMA) is a public company that is listed on EURONEXT BRUSSELS(Belgium).,ACACIA PHARMA(English: ACACIA PHARMA) is a public company that is listed on EURONEXT BRUSSELS(Belgium).,ACACIA PHARMA(English: ACACIA PHARMA) is a public company that is listed on EURONEXT BRUSSELS(Belgium). You can find more information on company's website.,ACACIA PHARMA(English: ACACIA PHARMA) is a public company that is listed on EURONEXT BRUSSELS(Belgium). You can find more information on company's website.,,,,+44 (0)1223 919760,+44 (0)1223 919769,,https://live.euronext.com/en/product/equities/GB00BYWF9Y76-XBRU/acacia-pharma/acph/quotes,,,,,,Royston Road,Royston Road,"CB22 4QH Cambridge, Cambridgeshire","CB22 4QH Cambridge, Cambridgeshire",,,,,Active,,,CONTACT,CONTACT,ACACIA PHARMA,+44 (0)1223 919760,+44 (0)1223 919769,,+44 (0)1223 919760,2021,,,,,,,,,1.027천 유로,,,-58.511천 유로,,2.946천 유로,,,,,-59.232천 유로,,,,,,,,,,,,"2010, Health Care","2010, Health Care","20103010, Biotechnology","20103010, Biotechnology",nl-BE,Nederlands,Dutch,XBRU,EURONEXT BRUSSELS,EURONEXT BRUSSELS,ACPH,,0.875 EUR,0.879 EUR,0.879 EUR,,2.775 EUR,,,,"298,119",88.308M,,,Belgie,"Belgie, Europe",,,,EUR,유로,Chris,EURONEXT,2022-05-26
BEL,Belgium,Belgie,UTC+02:00,Europe,715000000000 USD,11492641,서유럽,BEL XBRUAZELIS GROUP NV,AZELIS GROUP NV,AZELIS GROUP NV,AZELIS GROUP NV(English: AZELIS GROUP NV) is a public company that is listed on EURONEXT BRUSSELS(Belgium). Address: Posthofbrug 12,AZELIS GROUP NV(English: AZELIS GROUP NV) is a public company that is listed on EURONEXT BRUSSELS(Belgium). Address: Posthofbrug 12,AZELIS GROUP NV(English: AZELIS GROUP NV) is a public company that is listed on EURONEXT BRUSSELS(Belgium). Their net sales were 2.827.295K Euros. You can find more information on company's website. Company Address: Posthofbrug 12,AZELIS GROUP NV(English: AZELIS GROUP NV) is a public company that is listed on EURONEXT BRUSSELS(Belgium). Their net sales were 2.827.295K Euros. You can find more information on company's website. Company Address: Posthofbrug 12,,,,,,,https://www.azelis.com/en/investor-relations,,,,,,Posthofbrug 12,Posthofbrug 12,BOX 6,BOX 6,,,,,Active,,,CONTACT,CONTACT,AZELIS GROUP NV,,,,,2021,,,,,,,,,2.827.295천 유로,,,207.813천 유로,,49.281천 유로,,,,,70.225천 유로,,,,,,,,,,,,"5520, Chemicals","5520, Chemicals","55201000, Chemicals: Diversified","55201000, Chemicals: Diversified",nl-BE,Nederlands,Dutch,XBRU,EURONEXT BRUSSELS,EURONEXT BRUSSELS,AZE,,23.50 EUR,24.04 EUR,25.08 EUR,,29.90 EUR,,,,"706,919",5.495B,,,Belgie,"Belgie, Europe",,,,EUR,유로,Chris,EURONEXT,2022-05-26
BEL,Belgium,Belgie,UTC+02:00,Europe,715000000000 USD,11492641,서유럽,BEL XBRUBASILIX CERT,BASILIX CERT,BASILIX CERT,BASILIX CERT(English: BASILIX CERT) is a public company that is listed on EURONEXT BRUSSELS(Belgium). Address: Havenlaan 2,BASILIX CERT(English: BASILIX CERT) is a public company that is listed on EURONEXT BRUSSELS(Belgium). Address: Havenlaan 2,BASILIX CERT(English: BASILIX CERT) is a public company that is listed on EURONEXT BRUSSELS(Belgium). Their net sales were 0K Euros. You can find more information on company's website. Company Address: Havenlaan 2,BASILIX CERT(English: BASILIX CERT) is a public company that is listed on EURONEXT BRUSSELS(Belgium). Their net sales were 0K Euros. You can find more information on company's website. Company Address: Havenlaan 2,,,,,,,https://www.basilix.be/,,,,,,Havenlaan 2,Havenlaan 2,"BE-1080 Bruxelles, Bruxelles-Capitale","BE-1080 Bruxelles, Bruxelles-Capitale",,,,,Active,,,CONTACT,CONTACT,BASILIX CERT,,,,,2021,,,,,,,,,0천 유로,,,0천 유로,,-67천 유로,,,,,-83천 유로,,,,,,,,,,,,"3510, Real Estate","3510, Real Estate","35101010, Real Estate Holding and Development","35101010, Real Estate Holding and Development",nl-BE,Nederlands,Dutch,XBRU,EURONEXT BRUSSELS,EURONEXT BRUSSELS,BAS,,11.52 EUR,11.52 EUR,11.52 EUR,,13.556 EUR,,,,46,1.534M,,,Belgie,"Belgie, Europe",,,,EUR,유로,Chris,EURONEXT,2022-05-26
BEL,Belgium,Belgie,UTC+02:00,Europe,715000000000 USD,11492641,서유럽,BEL XBRUIMMO MECHELEN CITY CENTER,IMMO MECHELEN CITY CENTER,IMMO MECHELEN CITY CENTER,IMMO MECHELEN CITY CENTER(English: IMMO MECHELEN CITY CENTER) is a public company that is listed on EURONEXT BRUSSELS(Belgium). Address: Avenue du Port 2,IMMO MECHELEN CITY CENTER(English: IMMO MECHELEN CITY CENTER) is a public company that is listed on EURONEXT BRUSSELS(Belgium). Address: Avenue du Port 2,IMMO MECHELEN CITY CENTER(English: IMMO MECHELEN CITY CENTER) is a public company that is listed on EURONEXT BRUSSELS(Belgium). Their net sales were 2.183K Euros. You can find more information on company's website. Company Address: Avenue du Port 2,IMMO MECHELEN CITY CENTER(English: IMMO MECHELEN CITY CENTER) is a public company that is listed on EURONEXT BRUSSELS(Belgium). Their net sales were 2.183K Euros. You can find more information on company's website. Company Address: Avenue du Port 2,,,,,,,https://live.euronext.com/en/product/equities/BE0974287196-XBRU/immo-mcc/mcc/quotes,,,,,,Avenue du Port 2,Avenue du Port 2,"BE-1080 Bruxelles, Bruxelles-Capitale","BE-1080 Bruxelles, Bruxelles-Capitale",,,,,Active,,,CONTACT,CONTACT,IMMO MECHELEN CITY CENTER,,,,,2020,,,,,,,,,2.183천 유로,,,0천 유로,,535천 유로,,,,,,,,,,,,,,,,,"3510, Real Estate","3510, Real Estate","35101010, Real Estate Holding and Development","35101010, Real Estate Holding and Development",nl-BE,Nederlands,Dutch,XBRU,EURONEXT BRUSSELS,EURONEXT BRUSSELS,MCC,,585.00 EUR,585.00 EUR,585.10 EUR,,683.00 EUR,,,,585,16.673M,,,Belgie,"Belgie, Europe",,,,EUR,유로,Chris,EURONEXT,2022-05-26
BEL,Belgium,Belgie,UTC+02:00,Europe,715000000000 USD,11492641,서유럽,BEL XBRUBELRECA,BELRECA,BELRECA,BELRECA(English: BELRECA) is a public company that is listed on EURONEXT BRUSSELS(Belgium).,BELRECA(English: BELRECA) is a public company that is listed on EURONEXT BRUSSELS(Belgium).,BELRECA(English: BELRECA) is a public company that is listed on EURONEXT BRUSSELS(Belgium). You can find more information on company's website.,BELRECA(English: BELRECA) is a public company that is listed on EURONEXT BRUSSELS(Belgium). You can find more information on company's website.,,,,+32 (0)3 286 71 86,+32 (0)3 239 73 20,,https://live.euronext.com/en/product/equities/BE0020575115-XBRU/belreca/belr/quotes,,,,,,Van Putlei 74/76,Van Putlei 74/76,"BE-2018 Antwerpen, Antwerpen","BE-2018 Antwerpen, Antwerpen",,,,,Active,,,CONTACT,CONTACT,BELRECA,+32 (0)3 286 71 86,+32 (0)3 239 73 20,,+32 (0)3 286 71 86,,,,,,,,,,,,,,,,,,,,,,,,,,,,,,,,"3510, Real Estate","3510, Real Estate","35101010, Real Estate Holding and Development","35101010, Real Estate Holding and Development",nl-BE,Nederlands,Dutch,XBRU,EURONEXT BRUSSELS,EURONEXT BRUSSELS,BELR,,6.25 EUR,6.25 EUR,6.85 EUR,,147.221 EUR,,,,288,1.972M,,,Belgie,"Belgie, Europe",,,,EUR,유로,Chris,EURONEXT,2022-05-26
BEL,Belgium,Belgie,UTC+02:00,Europe,715000000000 USD,11492641,서유럽,BEL XBRUKONINKLIJKE AHOLD DELHAIZE N.V.,KONINKLIJKE AHOLD DELHAIZE N.V.,KONINKLIJKE AHOLD DELHAIZE N.V.,KONINKLIJKE AHOLD DELHAIZE N.V.(English: KONINKLIJKE AHOLD DELHAIZE N.V.) is a public company that is listed on EURONEXT BRUSSELS(Belgium). Address: Provincialeweg 11,KONINKLIJKE AHOLD DELHAIZE N.V.(English: KONINKLIJKE AHOLD DELHAIZE N.V.) is a public company that is listed on EURONEXT BRUSSELS(Belgium). Address: Provincialeweg 11,KONINKLIJKE AHOLD DELHAIZE N.V.(English: KONINKLIJKE AHOLD DELHAIZE N.V.) is a public company that is listed on EURONEXT BRUSSELS(Belgium). Their net sales were 75.601.000K Euros. You can find more information on company's website. Company Address: Provincialeweg 11,KONINKLIJKE AHOLD DELHAIZE N.V.(English: KONINKLIJKE AHOLD DELHAIZE N.V.) is a public company that is listed on EURONEXT BRUSSELS(Belgium). Their net sales were 75.601.000K Euros. You can find more information on company's website. Company Address: Provincialeweg 11,,,,,,,http://www.ahold.com,,,,,,Provincialeweg 11,Provincialeweg 11,NL-1506 MA Zaandam,NL-1506 MA Zaandam,,,,,Active,,,CONTACT,CONTACT,KONINKLIJKE AHOLD DELHAIZE N.V.,,,,,2021,,,,,,,,,75.601.000천 유로,,,3.320.000천 유로,,506.000천 유로,,,,,2.246.000천 유로,,,,,,,,,,,,"4520, Personal Care, Drug and Grocery Stores","4520, Personal Care, Drug and Grocery Stores","45201010, Food Retailers and Wholesalers","45201010, Food Retailers and Wholesalers",nl-BE,Nederlands,Dutch,"XAMS, XBRU",EURONEXT BRUSSELS,EURONEXT BRUSSELS,AD,,25.745 EUR,25.895 EUR,28.76 EUR,,31.40 EUR,,,,"56,810,162",26.922B,,,Belgie,"Belgie, Europe",,,,EUR,유로,Chris,EURONEXT,2022-05-26
BEL,Belgium,Belgie,UTC+02:00,Europe,715000000000 USD,11492641,서유럽,BEL XBRUBCO BILBAO VIZCAYA ARGENTARIA,BCO BILBAO VIZCAYA ARGENTARIA,BCO BILBAO VIZCAYA ARGENTARIA,BCO BILBAO VIZCAYA ARGENTARIA(English: BCO BILBAO VIZCAYA ARGENTARIA) is a public company that is listed on EURONEXT BRUSSELS(Belgium). Address: Plaza San Nicolas 4,BCO BILBAO VIZCAYA ARGENTARIA(English: BCO BILBAO VIZCAYA ARGENTARIA) is a public company that is listed on EURONEXT BRUSSELS(Belgium). Address: Plaza San Nicolas 4,BCO BILBAO VIZCAYA ARGENTARIA(English: BCO BILBAO VIZCAYA ARGENTARIA) is a public company that is listed on EURONEXT BRUSSELS(Belgium). Their net sales were 20.205.000K Euros. You can find more information on company's website. Company Address: Plaza San Nicolas 4,BCO BILBAO VIZCAYA ARGENTARIA(English: BCO BILBAO VIZCAYA ARGENTARIA) is a public company that is listed on EURONEXT BRUSSELS(Belgium). Their net sales were 20.205.000K Euros. You can find more information on company's website. Company Address: Plaza San Nicolas 4,,,,,,,https://www.bbva.com/,,,,,,Plaza San Nicolas 4,Plaza San Nicolas 4,ES-48005 Bilbao,ES-48005 Bilbao,,,,,Active,,,CONTACT,CONTACT,BCO BILBAO VIZCAYA ARGENTARIA,,,,,2020,,,,,,,,,20.205.000천 유로,,,11.117.000천 유로,,-6.115.000천 유로,,,,,4.803.000천 유로,,,,,,,,,,,,"3010, Banks","3010, Banks","30101010, Banks","30101010, Banks",nl-BE,Nederlands,Dutch,TNLB,EURONEXT BRUSSELS,EURONEXT BRUSSELS,BBV,,4.8935 EUR,4.894 EUR,5.30 EUR,,6.40 EUR,,,,538,23.994B,,,Belgie,"Belgie, Europe",,,,EUR,유로,Chris,EURONEXT,2022-05-26
BEL,Belgium,Belgie,UTC+02:00,Europe,715000000000 USD,11492641,서유럽,BEL XBRUIBM,IBM,IBM,IBM(English: IBM) is a public company that is listed on EURONEXT BRUSSELS(Belgium). Address: 1 Road New Orchard,IBM(English: IBM) is a public company that is listed on EURONEXT BRUSSELS(Belgium). Address: 1 Road New Orchard,IBM(English: IBM) is a public company that is listed on EURONEXT BRUSSELS(Belgium). Their net sales were 50.644.649K Euros. You can find more information on company's website. Company Address: 1 Road New Orchard,IBM(English: IBM) is a public company that is listed on EURONEXT BRUSSELS(Belgium). Their net sales were 50.644.649K Euros. You can find more information on company's website. Company Address: 1 Road New Orchard,,,,,,,http://www.ibm.com,,,,,,1 Road New Orchard,1 Road New Orchard,"NY 10504 New York City, New York","NY 10504 New York City, New York",,,,,Active,,,CONTACT,CONTACT,IBM,,,,,2021,,,,,,,,,50.644.649천 유로,,,0천 유로,,5.291.416천 유로,,,,,5.071.529천 유로,,,,,,,,,,,,"1010, Technology","1010, Technology","10101010, Computer Services","10101010, Computer Services",nl-BE,Nederlands,Dutch,TNLB,EURONEXT BRUSSELS,EURONEXT BRUSSELS,IBMA,,137.04 EUR,137.04 EUR,144.00 EUR,,147.85 EUR,,,,"2,056",280.758B,,,Belgie,"Belgie, Europe",,,,EUR,유로,Chris,EURONEXT,2022-05-26
BEL,Belgium,Belgie,UTC+02:00,Europe,715000000000 USD,11492641,서유럽,BEL XBRUBOEING COMP.,BOEING COMP.,BOEING COMP.,BOEING COMP.(English: BOEING COMP.) is a public company that is listed on EURONEXT BRUSSELS(Belgium). Address: 100 Plaza North Riverside,BOEING COMP.(English: BOEING COMP.) is a public company that is listed on EURONEXT BRUSSELS(Belgium). Address: 100 Plaza North Riverside,BOEING COMP.(English: BOEING COMP.) is a public company that is listed on EURONEXT BRUSSELS(Belgium). Their net sales were 68.364.792K Euros. You can find more information on company's website. Company Address: 100 Plaza North Riverside,BOEING COMP.(English: BOEING COMP.) is a public company that is listed on EURONEXT BRUSSELS(Belgium). Their net sales were 68.364.792K Euros. You can find more information on company's website. Company Address: 100 Plaza North Riverside,,,,,,,http://www.boeing.com/,,,,,,100 Plaza North Riverside,100 Plaza North Riverside,"IL 60606 Chicago, Illinois","IL 60606 Chicago, Illinois",,,,,Active,,,CONTACT,CONTACT,BOEING COMP.,,,,,2019,,,,,,,,,68.364.792천 유로,,,,,-1.763.613천 유로,,,,,-567.928천 유로,,,,,,,,,,,,"5020, Industrial Goods and Services","5020, Industrial Goods and Services","50201010, Aerospace","50201010, Aerospace",nl-BE,Nederlands,Dutch,TNLB,EURONEXT BRUSSELS,EURONEXT BRUSSELS,BOEI,,135.00 EUR,140.50 EUR,192.00 EUR,,240.60 EUR,,,,675,,,,Belgie,"Belgie, Europe",,,,EUR,유로,Chris,EURONEXT,2022-05-26
BEL,Belgium,Belgie,UTC+02:00,Europe,715000000000 USD,11492641,서유럽,BEL XBRUGenerali Assicurazioni,Generali Assicurazioni,Generali Assicurazioni,Generali Assicurazioni(English: Generali Assicurazioni) is a public company that is listed on EURONEXT BRUSSELS(Belgium). Address: Piazza Duca Degli Abruzzi 2,Generali Assicurazioni(English: Generali Assicurazioni) is a public company that is listed on EURONEXT BRUSSELS(Belgium). Address: Piazza Duca Degli Abruzzi 2,Generali Assicurazioni(English: Generali Assicurazioni) is a public company that is listed on EURONEXT BRUSSELS(Belgium). Their net sales were 73.985.000K Euros. You can find more information on company's website. Company Address: Piazza Duca Degli Abruzzi 2,Generali Assicurazioni(English: Generali Assicurazioni) is a public company that is listed on EURONEXT BRUSSELS(Belgium). Their net sales were 73.985.000K Euros. You can find more information on company's website. Company Address: Piazza Duca Degli Abruzzi 2,,,,,,Shareholders@Generali.com,https://www.generali.com/investors,,,,,,Piazza Duca Degli Abruzzi 2,Piazza Duca Degli Abruzzi 2,"IT-34132 Trieste, Friuli-Venezia Giulia","IT-34132 Trieste, Friuli-Venezia Giulia",,,,,Active,,,CONTACT,CONTACT,Generali Assicurazioni,,,Shareholders@Generali.com,,2021,,,,,,,,,73.985.000천 유로,,,22.242.000천 유로,,99.088.000천 유로,,,,,,,,,,,,,,,,,"3030, Insurance","3030, Insurance","30302010, Full Line Insurance","30302010, Full Line Insurance",nl-BE,Nederlands,Dutch,TNLB,EURONEXT BRUSSELS,EURONEXT BRUSSELS,GEN,,17.405 EUR,17.58 EUR,19.50 EUR,,22.17 EUR,,,,"1,497",,,,Belgie,"Belgie, Europe",,,,EUR,유로,Chris,EURONEXT,2022-05-26
